issue_date,issue_time_utc,target_time_utc,target_time_local,horizon_h,lead_day,p_t1,p_t2,p_farm,p_farm_q10,p_farm_q90,ifs_run_time,model_version
2026-01-31,2026-01-31 08:00:00,2026-01-31 18:00:00,2026-02-01 00:00:00,10,1,0.0265,0.0262,0.0274,0.0,0.1987,2026-01-31,ensemble-v1-20260131
2026-01-31,2026-01-31 08:00:00,2026-01-31 19:00:00,2026-02-01 01:00:00,11,1,0.0205,0.024,0.0244,0.0,0.0761,2026-01-31,ensemble-v1-20260131
2026-01-31,2026-01-31 08:00:00,2026-01-31 20:00:00,2026-02-01 02:00:00,12,1,0.0163,0.0178,0.0193,0.0,0.0235,2026-01-31,ensemble-v1-20260131
2026-01-31,2026-01-31 08:00:00,2026-01-31 21:00:00,2026-02-01 03:00:00,13,1,0.0183,0.0186,0.0168,0.0,0.051,2026-01-31,ensemble-v1-20260131
2026-01-31,2026-01-31 08:00:00,2026-01-31 22:00:00,2026-02-01 04:00:00,14,1,0.0221,0.0181,0.026,0.0,0.1066,2026-01-31,ensemble-v1-20260131
2026-01-31,2026-01-31 08:00:00,2026-01-31 23:00:00,2026-02-01 05:00:00,15,1,0.0284,0.0208,0.0283,0.0,0.1911,2026-01-31,ensemble-v1-20260131
2026-01-31,2026-01-31 08:00:00,2026-02-01 00:00:00,2026-02-01 06:00:00,16,1,0.0295,0.0189,0.0269,0.0,0.2807,2026-01-31,ensemble-v1-20260131
2026-01-31,2026-01-31 08:00:00,2026-02-01 01:00:00,2026-02-01 07:00:00,17,1,0.0376,0.0297,0.034,0.0,0.2896,2026-01-31,ensemble-v1-20260131
2026-01-31,2026-01-31 08:00:00,2026-02-01 02:00:00,2026-02-01 08:00:00,18,1,0.0541,0.0514,0.0521,0.0,0.3849,2026-01-31,ensemble-v1-20260131
2026-01-31,2026-01-31 08:00:00,2026-02-01 03:00:00,2026-02-01 09:00:00,19,1,0.1086,0.1091,0.0968,0.0,0.5525,2026-01-31,ensemble-v1-20260131
2026-01-31,2026-01-31 08:00:00,2026-02-01 04:00:00,2026-02-01 10:00:00,20,1,0.1393,0.1637,0.1397,0.0,0.7185,2026-01-31,ensemble-v1-20260131
2026-01-31,2026-01-31 08:00:00,2026-02-01 05:00:00,2026-02-01 11:00:00,21,1,0.1446,0.1826,0.1676,0.0,0.7414,2026-01-31,ensemble-v1-20260131
2026-01-31,2026-01-31 08:00:00,2026-02-01 06:00:00,2026-02-01 12:00:00,22,1,0.1816,0.1944,0.1818,0.0191,0.7331,2026-01-31,ensemble-v1-20260131
2026-01-31,2026-01-31 08:00:00,2026-02-01 07:00:00,2026-02-01 13:00:00,23,1,0.1848,0.1969,0.1784,0.024,0.7192,2026-01-31,ensemble-v1-20260131
2026-01-31,2026-01-31 08:00:00,2026-02-01 08:00:00,2026-02-01 14:00:00,24,1,0.2053,0.2101,0.2038,0.0295,0.7093,2026-01-31,ensemble-v1-20260131
2026-01-31,2026-01-31 08:00:00,2026-02-01 09:00:00,2026-02-01 15:00:00,25,1,0.21,0.2173,0.2157,0.0565,0.6854,2026-01-31,ensemble-v1-20260131
2026-01-31,2026-01-31 08:00:00,2026-02-01 10:00:00,2026-02-01 16:00:00,26,1,0.2017,0.2187,0.2033,0.0436,0.7023,2026-01-31,ensemble-v1-20260131
2026-01-31,2026-01-31 08:00:00,2026-02-01 11:00:00,2026-02-01 17:00:00,27,1,0.2465,0.2546,0.2669,0.0344,0.8023,2026-01-31,ensemble-v1-20260131
2026-01-31,2026-01-31 08:00:00,2026-02-01 12:00:00,2026-02-01 18:00:00,28,1,0.2927,0.2966,0.304,0.0233,0.7329,2026-01-31,ensemble-v1-20260131
2026-01-31,2026-01-31 08:00:00,2026-02-01 13:00:00,2026-02-01 19:00:00,29,1,0.2654,0.248,0.2544,0.0177,0.6793,2026-01-31,ensemble-v1-20260131
2026-01-31,2026-01-31 08:00:00,2026-02-01 14:00:00,2026-02-01 20:00:00,30,1,0.2594,0.2432,0.2468,0.0161,0.6609,2026-01-31,ensemble-v1-20260131
2026-01-31,2026-01-31 08:00:00,2026-02-01 15:00:00,2026-02-01 21:00:00,31,1,0.2738,0.2435,0.2494,0.0133,0.6912,2026-01-31,ensemble-v1-20260131
2026-01-31,2026-01-31 08:00:00,2026-02-01 16:00:00,2026-02-01 22:00:00,32,1,0.2685,0.2516,0.2498,0.0429,0.6959,2026-01-31,ensemble-v1-20260131
2026-01-31,2026-01-31 08:00:00,2026-02-01 17:00:00,2026-02-01 23:00:00,33,1,0.2734,0.243,0.2409,0.0352,0.7064,2026-01-31,ensemble-v1-20260131
2026-01-31,2026-01-31 08:00:00,2026-02-01 18:00:00,2026-02-02 00:00:00,34,2,0.2501,0.2156,0.2206,0.0175,0.6524,2026-01-31,ensemble-v1-20260131
2026-01-31,2026-01-31 08:00:00,2026-02-01 19:00:00,2026-02-02 01:00:00,35,2,0.2318,0.2098,0.2173,0.0166,0.6475,2026-01-31,ensemble-v1-20260131
2026-01-31,2026-01-31 08:00:00,2026-02-01 20:00:00,2026-02-02 02:00:00,36,2,0.2749,0.2311,0.2379,0.0332,0.6803,2026-01-31,ensemble-v1-20260131
2026-01-31,2026-01-31 08:00:00,2026-02-01 21:00:00,2026-02-02 03:00:00,37,2,0.2839,0.2404,0.2451,0.084,0.7167,2026-01-31,ensemble-v1-20260131
2026-01-31,2026-01-31 08:00:00,2026-02-01 22:00:00,2026-02-02 04:00:00,38,2,0.2804,0.2791,0.2738,0.0902,0.8336,2026-01-31,ensemble-v1-20260131
2026-01-31,2026-01-31 08:00:00,2026-02-01 23:00:00,2026-02-02 05:00:00,39,2,0.3475,0.3165,0.3144,0.0994,0.8694,2026-01-31,ensemble-v1-20260131
2026-01-31,2026-01-31 08:00:00,2026-02-02 00:00:00,2026-02-02 06:00:00,40,2,0.3744,0.3144,0.3122,0.1415,0.9026,2026-01-31,ensemble-v1-20260131
2026-01-31,2026-01-31 08:00:00,2026-02-02 01:00:00,2026-02-02 07:00:00,41,2,0.3692,0.3227,0.349,0.1735,0.917,2026-01-31,ensemble-v1-20260131
2026-01-31,2026-01-31 08:00:00,2026-02-02 02:00:00,2026-02-02 08:00:00,42,2,0.3649,0.3379,0.381,0.2285,0.9551,2026-01-31,ensemble-v1-20260131
2026-01-31,2026-01-31 08:00:00,2026-02-02 03:00:00,2026-02-02 09:00:00,43,2,0.4013,0.3717,0.4025,0.2332,0.955,2026-01-31,ensemble-v1-20260131
2026-01-31,2026-01-31 08:00:00,2026-02-02 04:00:00,2026-02-02 10:00:00,44,2,0.4784,0.4785,0.4768,0.2979,0.9867,2026-01-31,ensemble-v1-20260131
2026-01-31,2026-01-31 08:00:00,2026-02-02 05:00:00,2026-02-02 11:00:00,45,2,0.4862,0.4788,0.4965,0.3565,0.9837,2026-01-31,ensemble-v1-20260131
2026-01-31,2026-01-31 08:00:00,2026-02-02 06:00:00,2026-02-02 12:00:00,46,2,0.6714,0.6828,0.6613,0.6613,0.99,2026-01-31,ensemble-v1-20260131
2026-01-31,2026-01-31 08:00:00,2026-02-02 07:00:00,2026-02-02 13:00:00,47,2,0.7893,0.7674,0.7706,0.7706,0.99,2026-01-31,ensemble-v1-20260131
2026-01-31,2026-01-31 08:00:00,2026-02-02 08:00:00,2026-02-02 14:00:00,48,2,0.8588,0.7927,0.8188,0.8188,0.99,2026-01-31,ensemble-v1-20260131
2026-01-31,2026-01-31 08:00:00,2026-02-02 09:00:00,2026-02-02 15:00:00,49,2,0.8351,0.7943,0.7973,0.7729,0.99,2026-01-31,ensemble-v1-20260131
2026-01-31,2026-01-31 08:00:00,2026-02-02 10:00:00,2026-02-02 16:00:00,50,2,0.715,0.7248,0.6868,0.4362,0.9813,2026-01-31,ensemble-v1-20260131
2026-01-31,2026-01-31 08:00:00,2026-02-02 11:00:00,2026-02-02 17:00:00,51,2,0.2389,0.2351,0.2348,0.0555,0.8829,2026-01-31,ensemble-v1-20260131
2026-01-31,2026-01-31 08:00:00,2026-02-02 12:00:00,2026-02-02 18:00:00,52,2,0.2563,0.2258,0.231,0.0446,0.7736,2026-01-31,ensemble-v1-20260131
2026-01-31,2026-01-31 08:00:00,2026-02-02 13:00:00,2026-02-02 19:00:00,53,2,0.2255,0.2183,0.1876,0.0038,0.6208,2026-01-31,ensemble-v1-20260131
2026-01-31,2026-01-31 08:00:00,2026-02-02 14:00:00,2026-02-02 20:00:00,54,2,0.1365,0.1158,0.106,0.0,0.4545,2026-01-31,ensemble-v1-20260131
2026-01-31,2026-01-31 08:00:00,2026-02-02 15:00:00,2026-02-02 21:00:00,55,2,0.0893,0.0744,0.0817,0.0,0.391,2026-01-31,ensemble-v1-20260131
2026-01-31,2026-01-31 08:00:00,2026-02-02 16:00:00,2026-02-02 22:00:00,56,2,0.0761,0.0678,0.0777,0.0,0.3974,2026-01-31,ensemble-v1-20260131
2026-01-31,2026-01-31 08:00:00,2026-02-02 17:00:00,2026-02-02 23:00:00,57,2,0.0808,0.0752,0.0803,0.0,0.4125,2026-01-31,ensemble-v1-20260131
2026-02-01,2026-02-01 08:00:00,2026-02-01 18:00:00,2026-02-02 00:00:00,10,1,0.171,0.1941,0.1886,0.0166,0.5604,2026-02-01,ensemble-v1-20260131
2026-02-01,2026-02-01 08:00:00,2026-02-01 19:00:00,2026-02-02 01:00:00,11,1,0.1785,0.1665,0.1787,0.0113,0.5613,2026-02-01,ensemble-v1-20260131
2026-02-01,2026-02-01 08:00:00,2026-02-01 20:00:00,2026-02-02 02:00:00,12,1,0.2425,0.1965,0.2089,0.0325,0.6456,2026-02-01,ensemble-v1-20260131
2026-02-01,2026-02-01 08:00:00,2026-02-01 21:00:00,2026-02-02 03:00:00,13,1,0.2933,0.2472,0.2635,0.0877,0.7617,2026-02-01,ensemble-v1-20260131
2026-02-01,2026-02-01 08:00:00,2026-02-01 22:00:00,2026-02-02 04:00:00,14,1,0.39,0.3453,0.3533,0.1347,0.8941,2026-02-01,ensemble-v1-20260131
2026-02-01,2026-02-01 08:00:00,2026-02-01 23:00:00,2026-02-02 05:00:00,15,1,0.4565,0.3777,0.3802,0.2016,0.927,2026-02-01,ensemble-v1-20260131
2026-02-01,2026-02-01 08:00:00,2026-02-02 00:00:00,2026-02-02 06:00:00,16,1,0.4447,0.3905,0.4368,0.2628,0.9446,2026-02-01,ensemble-v1-20260131
2026-02-01,2026-02-01 08:00:00,2026-02-02 01:00:00,2026-02-02 07:00:00,17,1,0.4138,0.3761,0.4202,0.2637,0.9543,2026-02-01,ensemble-v1-20260131
2026-02-01,2026-02-01 08:00:00,2026-02-02 02:00:00,2026-02-02 08:00:00,18,1,0.368,0.3611,0.3762,0.242,0.9589,2026-02-01,ensemble-v1-20260131
2026-02-01,2026-02-01 08:00:00,2026-02-02 03:00:00,2026-02-02 09:00:00,19,1,0.4734,0.4411,0.4477,0.2516,0.9676,2026-02-01,ensemble-v1-20260131
2026-02-01,2026-02-01 08:00:00,2026-02-02 04:00:00,2026-02-02 10:00:00,20,1,0.5247,0.5356,0.5518,0.4829,0.9824,2026-02-01,ensemble-v1-20260131
2026-02-01,2026-02-01 08:00:00,2026-02-02 05:00:00,2026-02-02 11:00:00,21,1,0.5177,0.5137,0.5191,0.5088,0.99,2026-02-01,ensemble-v1-20260131
2026-02-01,2026-02-01 08:00:00,2026-02-02 06:00:00,2026-02-02 12:00:00,22,1,0.6595,0.659,0.6433,0.5229,0.99,2026-02-01,ensemble-v1-20260131
2026-02-01,2026-02-01 08:00:00,2026-02-02 07:00:00,2026-02-02 13:00:00,23,1,0.7135,0.7138,0.718,0.7048,0.99,2026-02-01,ensemble-v1-20260131
2026-02-01,2026-02-01 08:00:00,2026-02-02 08:00:00,2026-02-02 14:00:00,24,1,0.8004,0.8037,0.7923,0.7923,0.99,2026-02-01,ensemble-v1-20260131
2026-02-01,2026-02-01 08:00:00,2026-02-02 09:00:00,2026-02-02 15:00:00,25,1,0.7972,0.7821,0.7734,0.7734,0.99,2026-02-01,ensemble-v1-20260131
2026-02-01,2026-02-01 08:00:00,2026-02-02 10:00:00,2026-02-02 16:00:00,26,1,0.7289,0.7263,0.7101,0.7052,0.99,2026-02-01,ensemble-v1-20260131
2026-02-01,2026-02-01 08:00:00,2026-02-02 11:00:00,2026-02-02 17:00:00,27,1,0.6643,0.6713,0.6668,0.4759,0.99,2026-02-01,ensemble-v1-20260131
2026-02-01,2026-02-01 08:00:00,2026-02-02 12:00:00,2026-02-02 18:00:00,28,1,0.4419,0.4324,0.4473,0.1548,0.9509,2026-02-01,ensemble-v1-20260131
2026-02-01,2026-02-01 08:00:00,2026-02-02 13:00:00,2026-02-02 19:00:00,29,1,0.185,0.1701,0.1686,0.0,0.6184,2026-02-01,ensemble-v1-20260131
2026-02-01,2026-02-01 08:00:00,2026-02-02 14:00:00,2026-02-02 20:00:00,30,1,0.0964,0.081,0.0802,0.0,0.3749,2026-02-01,ensemble-v1-20260131
2026-02-01,2026-02-01 08:00:00,2026-02-02 15:00:00,2026-02-02 21:00:00,31,1,0.0828,0.079,0.0687,0.0,0.3485,2026-02-01,ensemble-v1-20260131
2026-02-01,2026-02-01 08:00:00,2026-02-02 16:00:00,2026-02-02 22:00:00,32,1,0.0715,0.062,0.0662,0.0,0.3199,2026-02-01,ensemble-v1-20260131
2026-02-01,2026-02-01 08:00:00,2026-02-02 17:00:00,2026-02-02 23:00:00,33,1,0.0717,0.0623,0.0779,0.0,0.3791,2026-02-01,ensemble-v1-20260131
2026-02-01,2026-02-01 08:00:00,2026-02-02 18:00:00,2026-02-03 00:00:00,34,2,0.0679,0.0663,0.0786,0.0,0.3872,2026-02-01,ensemble-v1-20260131
2026-02-01,2026-02-01 08:00:00,2026-02-02 19:00:00,2026-02-03 01:00:00,35,2,0.1212,0.0892,0.0934,0.0,0.509,2026-02-01,ensemble-v1-20260131
2026-02-01,2026-02-01 08:00:00,2026-02-02 20:00:00,2026-02-03 02:00:00,36,2,0.1571,0.1533,0.1606,0.0154,0.6399,2026-02-01,ensemble-v1-20260131
2026-02-01,2026-02-01 08:00:00,2026-02-02 21:00:00,2026-02-03 03:00:00,37,2,0.2063,0.187,0.1977,0.0529,0.8433,2026-02-01,ensemble-v1-20260131
2026-02-01,2026-02-01 08:00:00,2026-02-02 22:00:00,2026-02-03 04:00:00,38,2,0.1852,0.1577,0.1683,0.0615,0.8688,2026-02-01,ensemble-v1-20260131
2026-02-01,2026-02-01 08:00:00,2026-02-02 23:00:00,2026-02-03 05:00:00,39,2,0.1878,0.2345,0.2782,0.066,0.8854,2026-02-01,ensemble-v1-20260131
2026-02-01,2026-02-01 08:00:00,2026-02-03 00:00:00,2026-02-03 06:00:00,40,2,0.1371,0.1264,0.131,0.0,0.7138,2026-02-01,ensemble-v1-20260131
2026-02-01,2026-02-01 08:00:00,2026-02-03 01:00:00,2026-02-03 07:00:00,41,2,0.0851,0.064,0.0767,0.0,0.451,2026-02-01,ensemble-v1-20260131
2026-02-01,2026-02-01 08:00:00,2026-02-03 02:00:00,2026-02-03 08:00:00,42,2,0.0427,0.0516,0.0528,0.0,0.2798,2026-02-01,ensemble-v1-20260131
2026-02-01,2026-02-01 08:00:00,2026-02-03 03:00:00,2026-02-03 09:00:00,43,2,0.0501,0.0491,0.0446,0.0,0.2529,2026-02-01,ensemble-v1-20260131
2026-02-01,2026-02-01 08:00:00,2026-02-03 04:00:00,2026-02-03 10:00:00,44,2,0.0474,0.0346,0.0432,0.0,0.2828,2026-02-01,ensemble-v1-20260131
2026-02-01,2026-02-01 08:00:00,2026-02-03 05:00:00,2026-02-03 11:00:00,45,2,0.0324,0.0354,0.035,0.0,0.2593,2026-02-01,ensemble-v1-20260131
2026-02-01,2026-02-01 08:00:00,2026-02-03 06:00:00,2026-02-03 12:00:00,46,2,0.0342,0.0299,0.028,0.0,0.1934,2026-02-01,ensemble-v1-20260131
2026-02-01,2026-02-01 08:00:00,2026-02-03 07:00:00,2026-02-03 13:00:00,47,2,0.0245,0.0255,0.0218,0.0,0.1568,2026-02-01,ensemble-v1-20260131
2026-02-01,2026-02-01 08:00:00,2026-02-03 08:00:00,2026-02-03 14:00:00,48,2,0.0343,0.0307,0.0352,0.0,0.1909,2026-02-01,ensemble-v1-20260131
2026-02-01,2026-02-01 08:00:00,2026-02-03 09:00:00,2026-02-03 15:00:00,49,2,0.0573,0.0575,0.0642,0.0,0.3086,2026-02-01,ensemble-v1-20260131
2026-02-01,2026-02-01 08:00:00,2026-02-03 10:00:00,2026-02-03 16:00:00,50,2,0.1005,0.1,0.1045,0.0,0.4792,2026-02-01,ensemble-v1-20260131
2026-02-01,2026-02-01 08:00:00,2026-02-03 11:00:00,2026-02-03 17:00:00,51,2,0.2135,0.211,0.2063,0.0005,0.6817,2026-02-01,ensemble-v1-20260131
2026-02-01,2026-02-01 08:00:00,2026-02-03 12:00:00,2026-02-03 18:00:00,52,2,0.292,0.2627,0.2693,0.0043,0.6869,2026-02-01,ensemble-v1-20260131
2026-02-01,2026-02-01 08:00:00,2026-02-03 13:00:00,2026-02-03 19:00:00,53,2,0.3289,0.3195,0.3058,0.0133,0.7335,2026-02-01,ensemble-v1-20260131
2026-02-01,2026-02-01 08:00:00,2026-02-03 14:00:00,2026-02-03 20:00:00,54,2,0.352,0.3289,0.3236,0.0301,0.8207,2026-02-01,ensemble-v1-20260131
2026-02-01,2026-02-01 08:00:00,2026-02-03 15:00:00,2026-02-03 21:00:00,55,2,0.2416,0.2386,0.2578,0.0105,0.6839,2026-02-01,ensemble-v1-20260131
2026-02-01,2026-02-01 08:00:00,2026-02-03 16:00:00,2026-02-03 22:00:00,56,2,0.1916,0.1689,0.1612,0.0,0.6002,2026-02-01,ensemble-v1-20260131
2026-02-01,2026-02-01 08:00:00,2026-02-03 17:00:00,2026-02-03 23:00:00,57,2,0.1853,0.1752,0.1646,0.0,0.6118,2026-02-01,ensemble-v1-20260131
2026-02-02,2026-02-02 08:00:00,2026-02-02 18:00:00,2026-02-03 00:00:00,10,1,0.1239,0.1211,0.1227,0.0,0.3542,2026-02-02,ensemble-v1-20260131
2026-02-02,2026-02-02 08:00:00,2026-02-02 19:00:00,2026-02-03 01:00:00,11,1,0.1454,0.1251,0.1316,0.0052,0.4875,2026-02-02,ensemble-v1-20260131
2026-02-02,2026-02-02 08:00:00,2026-02-02 20:00:00,2026-02-03 02:00:00,12,1,0.2152,0.1867,0.2016,0.0257,0.7038,2026-02-02,ensemble-v1-20260131
2026-02-02,2026-02-02 08:00:00,2026-02-02 21:00:00,2026-02-03 03:00:00,13,1,0.3049,0.2579,0.2972,0.0781,0.7548,2026-02-02,ensemble-v1-20260131
2026-02-02,2026-02-02 08:00:00,2026-02-02 22:00:00,2026-02-03 04:00:00,14,1,0.3359,0.3191,0.3571,0.1067,0.8614,2026-02-02,ensemble-v1-20260131
2026-02-02,2026-02-02 08:00:00,2026-02-02 23:00:00,2026-02-03 05:00:00,15,1,0.3061,0.3011,0.3166,0.0969,0.8484,2026-02-02,ensemble-v1-20260131
2026-02-02,2026-02-02 08:00:00,2026-02-03 00:00:00,2026-02-03 06:00:00,16,1,0.1945,0.1862,0.1733,0.0397,0.7338,2026-02-02,ensemble-v1-20260131
2026-02-02,2026-02-02 08:00:00,2026-02-03 01:00:00,2026-02-03 07:00:00,17,1,0.1218,0.0995,0.1123,0.0011,0.5466,2026-02-02,ensemble-v1-20260131
2026-02-02,2026-02-02 08:00:00,2026-02-03 02:00:00,2026-02-03 08:00:00,18,1,0.105,0.0917,0.0929,0.0,0.4975,2026-02-02,ensemble-v1-20260131
2026-02-02,2026-02-02 08:00:00,2026-02-03 03:00:00,2026-02-03 09:00:00,19,1,0.0493,0.0449,0.0548,0.0,0.3123,2026-02-02,ensemble-v1-20260131
2026-02-02,2026-02-02 08:00:00,2026-02-03 04:00:00,2026-02-03 10:00:00,20,1,0.0398,0.0396,0.0391,0.0,0.1703,2026-02-02,ensemble-v1-20260131
2026-02-02,2026-02-02 08:00:00,2026-02-03 05:00:00,2026-02-03 11:00:00,21,1,0.0597,0.0551,0.0545,0.0,0.2972,2026-02-02,ensemble-v1-20260131
2026-02-02,2026-02-02 08:00:00,2026-02-03 06:00:00,2026-02-03 12:00:00,22,1,0.1068,0.1104,0.1097,0.0,0.3632,2026-02-02,ensemble-v1-20260131
2026-02-02,2026-02-02 08:00:00,2026-02-03 07:00:00,2026-02-03 13:00:00,23,1,0.0768,0.0641,0.067,0.0,0.2763,2026-02-02,ensemble-v1-20260131
2026-02-02,2026-02-02 08:00:00,2026-02-03 08:00:00,2026-02-03 14:00:00,24,1,0.0543,0.0548,0.0594,0.0,0.3146,2026-02-02,ensemble-v1-20260131
2026-02-02,2026-02-02 08:00:00,2026-02-03 09:00:00,2026-02-03 15:00:00,25,1,0.0538,0.0605,0.0607,0.0,0.2352,2026-02-02,ensemble-v1-20260131
2026-02-02,2026-02-02 08:00:00,2026-02-03 10:00:00,2026-02-03 16:00:00,26,1,0.1132,0.1129,0.1109,0.0,0.4128,2026-02-02,ensemble-v1-20260131
2026-02-02,2026-02-02 08:00:00,2026-02-03 11:00:00,2026-02-03 17:00:00,27,1,0.2048,0.2197,0.2145,0.0025,0.674,2026-02-02,ensemble-v1-20260131
2026-02-02,2026-02-02 08:00:00,2026-02-03 12:00:00,2026-02-03 18:00:00,28,1,0.3272,0.3214,0.3218,0.0,0.779,2026-02-02,ensemble-v1-20260131
2026-02-02,2026-02-02 08:00:00,2026-02-03 13:00:00,2026-02-03 19:00:00,29,1,0.4447,0.4071,0.4096,0.0178,0.8262,2026-02-02,ensemble-v1-20260131
2026-02-02,2026-02-02 08:00:00,2026-02-03 14:00:00,2026-02-03 20:00:00,30,1,0.453,0.3848,0.4059,0.0428,0.8336,2026-02-02,ensemble-v1-20260131
2026-02-02,2026-02-02 08:00:00,2026-02-03 15:00:00,2026-02-03 21:00:00,31,1,0.3798,0.3479,0.343,0.0315,0.7993,2026-02-02,ensemble-v1-20260131
2026-02-02,2026-02-02 08:00:00,2026-02-03 16:00:00,2026-02-03 22:00:00,32,1,0.3218,0.2823,0.2862,0.0188,0.7208,2026-02-02,ensemble-v1-20260131
2026-02-02,2026-02-02 08:00:00,2026-02-03 17:00:00,2026-02-03 23:00:00,33,1,0.2209,0.1989,0.2016,0.0,0.6632,2026-02-02,ensemble-v1-20260131
2026-02-02,2026-02-02 08:00:00,2026-02-03 18:00:00,2026-02-04 00:00:00,34,2,0.2324,0.2004,0.2,0.0,0.6845,2026-02-02,ensemble-v1-20260131
2026-02-02,2026-02-02 08:00:00,2026-02-03 19:00:00,2026-02-04 01:00:00,35,2,0.2706,0.2424,0.241,0.0069,0.7476,2026-02-02,ensemble-v1-20260131
2026-02-02,2026-02-02 08:00:00,2026-02-03 20:00:00,2026-02-04 02:00:00,36,2,0.2751,0.257,0.249,0.0103,0.7,2026-02-02,ensemble-v1-20260131
2026-02-02,2026-02-02 08:00:00,2026-02-03 21:00:00,2026-02-04 03:00:00,37,2,0.3104,0.2996,0.2766,0.0133,0.7464,2026-02-02,ensemble-v1-20260131
2026-02-02,2026-02-02 08:00:00,2026-02-03 22:00:00,2026-02-04 04:00:00,38,2,0.3347,0.325,0.3069,0.028,0.8068,2026-02-02,ensemble-v1-20260131
2026-02-02,2026-02-02 08:00:00,2026-02-03 23:00:00,2026-02-04 05:00:00,39,2,0.3607,0.3629,0.345,0.0405,0.8495,2026-02-02,ensemble-v1-20260131
2026-02-02,2026-02-02 08:00:00,2026-02-04 00:00:00,2026-02-04 06:00:00,40,2,0.3826,0.3747,0.3683,0.0347,0.8474,2026-02-02,ensemble-v1-20260131
2026-02-02,2026-02-02 08:00:00,2026-02-04 01:00:00,2026-02-04 07:00:00,41,2,0.3977,0.4054,0.3693,0.0465,0.8476,2026-02-02,ensemble-v1-20260131
2026-02-02,2026-02-02 08:00:00,2026-02-04 02:00:00,2026-02-04 08:00:00,42,2,0.4402,0.455,0.4228,0.0602,0.9235,2026-02-02,ensemble-v1-20260131
2026-02-02,2026-02-02 08:00:00,2026-02-04 03:00:00,2026-02-04 09:00:00,43,2,0.4605,0.4739,0.435,0.1017,0.8813,2026-02-02,ensemble-v1-20260131
2026-02-02,2026-02-02 08:00:00,2026-02-04 04:00:00,2026-02-04 10:00:00,44,2,0.3204,0.3392,0.3245,0.0204,0.7978,2026-02-02,ensemble-v1-20260131
2026-02-02,2026-02-02 08:00:00,2026-02-04 05:00:00,2026-02-04 11:00:00,45,2,0.238,0.269,0.2542,0.0154,0.6782,2026-02-02,ensemble-v1-20260131
2026-02-02,2026-02-02 08:00:00,2026-02-04 06:00:00,2026-02-04 12:00:00,46,2,0.1076,0.1325,0.126,0.0,0.4356,2026-02-02,ensemble-v1-20260131
2026-02-02,2026-02-02 08:00:00,2026-02-04 07:00:00,2026-02-04 13:00:00,47,2,0.0744,0.0882,0.0873,0.0,0.3364,2026-02-02,ensemble-v1-20260131
2026-02-02,2026-02-02 08:00:00,2026-02-04 08:00:00,2026-02-04 14:00:00,48,2,0.0668,0.0711,0.0587,0.0,0.2784,2026-02-02,ensemble-v1-20260131
2026-02-02,2026-02-02 08:00:00,2026-02-04 09:00:00,2026-02-04 15:00:00,49,2,0.0536,0.0538,0.0541,0.0,0.2496,2026-02-02,ensemble-v1-20260131
2026-02-02,2026-02-02 08:00:00,2026-02-04 10:00:00,2026-02-04 16:00:00,50,2,0.0515,0.0501,0.0523,0.0,0.2104,2026-02-02,ensemble-v1-20260131
2026-02-02,2026-02-02 08:00:00,2026-02-04 11:00:00,2026-02-04 17:00:00,51,2,0.0531,0.0587,0.0496,0.0,0.2651,2026-02-02,ensemble-v1-20260131
2026-02-02,2026-02-02 08:00:00,2026-02-04 12:00:00,2026-02-04 18:00:00,52,2,0.0863,0.0945,0.0801,0.0,0.445,2026-02-02,ensemble-v1-20260131
2026-02-02,2026-02-02 08:00:00,2026-02-04 13:00:00,2026-02-04 19:00:00,53,2,0.1576,0.1568,0.167,0.0,0.5598,2026-02-02,ensemble-v1-20260131
2026-02-02,2026-02-02 08:00:00,2026-02-04 14:00:00,2026-02-04 20:00:00,54,2,0.2844,0.2805,0.2617,0.016,0.6542,2026-02-02,ensemble-v1-20260131
2026-02-02,2026-02-02 08:00:00,2026-02-04 15:00:00,2026-02-04 21:00:00,55,2,0.3047,0.3121,0.2991,0.0258,0.8115,2026-02-02,ensemble-v1-20260131
2026-02-02,2026-02-02 08:00:00,2026-02-04 16:00:00,2026-02-04 22:00:00,56,2,0.4255,0.4079,0.4002,0.0847,0.9785,2026-02-02,ensemble-v1-20260131
2026-02-02,2026-02-02 08:00:00,2026-02-04 17:00:00,2026-02-04 23:00:00,57,2,0.4841,0.4627,0.4782,0.0866,0.9166,2026-02-02,ensemble-v1-20260131
2026-02-03,2026-02-03 08:00:00,2026-02-03 18:00:00,2026-02-04 00:00:00,10,1,0.5748,0.5392,0.5374,0.1611,0.9678,2026-02-03,ensemble-v1-20260131
2026-02-03,2026-02-03 08:00:00,2026-02-03 19:00:00,2026-02-04 01:00:00,11,1,0.5958,0.5622,0.5775,0.1617,0.9542,2026-02-03,ensemble-v1-20260131
2026-02-03,2026-02-03 08:00:00,2026-02-03 20:00:00,2026-02-04 02:00:00,12,1,0.5667,0.5355,0.537,0.1093,0.9667,2026-02-03,ensemble-v1-20260131
2026-02-03,2026-02-03 08:00:00,2026-02-03 21:00:00,2026-02-04 03:00:00,13,1,0.5944,0.5615,0.5602,0.1009,0.9542,2026-02-03,ensemble-v1-20260131
2026-02-03,2026-02-03 08:00:00,2026-02-03 22:00:00,2026-02-04 04:00:00,14,1,0.5972,0.5674,0.5637,0.1248,0.9804,2026-02-03,ensemble-v1-20260131
2026-02-03,2026-02-03 08:00:00,2026-02-03 23:00:00,2026-02-04 05:00:00,15,1,0.6045,0.5944,0.5868,0.1318,0.9491,2026-02-03,ensemble-v1-20260131
2026-02-03,2026-02-03 08:00:00,2026-02-04 00:00:00,2026-02-04 06:00:00,16,1,0.582,0.5777,0.5529,0.2782,0.9651,2026-02-03,ensemble-v1-20260131
2026-02-03,2026-02-03 08:00:00,2026-02-04 01:00:00,2026-02-04 07:00:00,17,1,0.5695,0.5445,0.5285,0.2659,0.9628,2026-02-03,ensemble-v1-20260131
2026-02-03,2026-02-03 08:00:00,2026-02-04 02:00:00,2026-02-04 08:00:00,18,1,0.5589,0.5369,0.5322,0.1803,0.9459,2026-02-03,ensemble-v1-20260131
2026-02-03,2026-02-03 08:00:00,2026-02-04 03:00:00,2026-02-04 09:00:00,19,1,0.4864,0.4693,0.4487,0.0916,0.9132,2026-02-03,ensemble-v1-20260131
2026-02-03,2026-02-03 08:00:00,2026-02-04 04:00:00,2026-02-04 10:00:00,20,1,0.4518,0.4439,0.4016,0.0708,0.8995,2026-02-03,ensemble-v1-20260131
2026-02-03,2026-02-03 08:00:00,2026-02-04 05:00:00,2026-02-04 11:00:00,21,1,0.348,0.3549,0.3464,0.0344,0.7185,2026-02-03,ensemble-v1-20260131
2026-02-03,2026-02-03 08:00:00,2026-02-04 06:00:00,2026-02-04 12:00:00,22,1,0.2723,0.2885,0.2615,0.0426,0.7421,2026-02-03,ensemble-v1-20260131
2026-02-03,2026-02-03 08:00:00,2026-02-04 07:00:00,2026-02-04 13:00:00,23,1,0.1677,0.1791,0.1875,0.0232,0.5719,2026-02-03,ensemble-v1-20260131
2026-02-03,2026-02-03 08:00:00,2026-02-04 08:00:00,2026-02-04 14:00:00,24,1,0.1778,0.1876,0.1852,0.0142,0.5822,2026-02-03,ensemble-v1-20260131
2026-02-03,2026-02-03 08:00:00,2026-02-04 09:00:00,2026-02-04 15:00:00,25,1,0.1591,0.1584,0.162,0.0052,0.5044,2026-02-03,ensemble-v1-20260131
2026-02-03,2026-02-03 08:00:00,2026-02-04 10:00:00,2026-02-04 16:00:00,26,1,0.126,0.1191,0.1335,0.0,0.4341,2026-02-03,ensemble-v1-20260131
2026-02-03,2026-02-03 08:00:00,2026-02-04 11:00:00,2026-02-04 17:00:00,27,1,0.1078,0.1121,0.1207,0.0,0.4384,2026-02-03,ensemble-v1-20260131
2026-02-03,2026-02-03 08:00:00,2026-02-04 12:00:00,2026-02-04 18:00:00,28,1,0.0829,0.1016,0.0822,0.0,0.3028,2026-02-03,ensemble-v1-20260131
2026-02-03,2026-02-03 08:00:00,2026-02-04 13:00:00,2026-02-04 19:00:00,29,1,0.0931,0.0921,0.1015,0.0,0.4231,2026-02-03,ensemble-v1-20260131
2026-02-03,2026-02-03 08:00:00,2026-02-04 14:00:00,2026-02-04 20:00:00,30,1,0.2197,0.2249,0.2287,0.0,0.7002,2026-02-03,ensemble-v1-20260131
2026-02-03,2026-02-03 08:00:00,2026-02-04 15:00:00,2026-02-04 21:00:00,31,1,0.3648,0.3412,0.3623,0.071,0.8178,2026-02-03,ensemble-v1-20260131
2026-02-03,2026-02-03 08:00:00,2026-02-04 16:00:00,2026-02-04 22:00:00,32,1,0.545,0.5211,0.5553,0.1783,0.9657,2026-02-03,ensemble-v1-20260131
2026-02-03,2026-02-03 08:00:00,2026-02-04 17:00:00,2026-02-04 23:00:00,33,1,0.6746,0.6395,0.6788,0.2934,0.9841,2026-02-03,ensemble-v1-20260131
2026-02-03,2026-02-03 08:00:00,2026-02-04 18:00:00,2026-02-05 00:00:00,34,2,0.6071,0.5743,0.5927,0.3656,0.99,2026-02-03,ensemble-v1-20260131
2026-02-03,2026-02-03 08:00:00,2026-02-04 19:00:00,2026-02-05 01:00:00,35,2,0.6992,0.682,0.6877,0.4749,0.99,2026-02-03,ensemble-v1-20260131
2026-02-03,2026-02-03 08:00:00,2026-02-04 20:00:00,2026-02-05 02:00:00,36,2,0.7663,0.7317,0.7416,0.7173,0.99,2026-02-03,ensemble-v1-20260131
2026-02-03,2026-02-03 08:00:00,2026-02-04 21:00:00,2026-02-05 03:00:00,37,2,0.8002,0.7778,0.776,0.776,0.99,2026-02-03,ensemble-v1-20260131
2026-02-03,2026-02-03 08:00:00,2026-02-04 22:00:00,2026-02-05 04:00:00,38,2,0.8606,0.8144,0.8391,0.8391,0.99,2026-02-03,ensemble-v1-20260131
2026-02-03,2026-02-03 08:00:00,2026-02-04 23:00:00,2026-02-05 05:00:00,39,2,0.9212,0.8748,0.9064,0.8791,0.99,2026-02-03,ensemble-v1-20260131
2026-02-03,2026-02-03 08:00:00,2026-02-05 00:00:00,2026-02-05 06:00:00,40,2,0.9554,0.9234,0.9524,0.9063,0.99,2026-02-03,ensemble-v1-20260131
2026-02-03,2026-02-03 08:00:00,2026-02-05 01:00:00,2026-02-05 07:00:00,41,2,0.9852,0.9465,0.9822,0.9144,0.99,2026-02-03,ensemble-v1-20260131
2026-02-03,2026-02-03 08:00:00,2026-02-05 02:00:00,2026-02-05 08:00:00,42,2,0.9885,0.9482,0.9825,0.8962,0.99,2026-02-03,ensemble-v1-20260131
2026-02-03,2026-02-03 08:00:00,2026-02-05 03:00:00,2026-02-05 09:00:00,43,2,0.989,0.9633,0.9833,0.9185,0.99,2026-02-03,ensemble-v1-20260131
2026-02-03,2026-02-03 08:00:00,2026-02-05 04:00:00,2026-02-05 10:00:00,44,2,0.9631,0.9517,0.9615,0.9553,0.99,2026-02-03,ensemble-v1-20260131
2026-02-03,2026-02-03 08:00:00,2026-02-05 05:00:00,2026-02-05 11:00:00,45,2,0.977,0.9234,0.9639,0.9434,0.99,2026-02-03,ensemble-v1-20260131
2026-02-03,2026-02-03 08:00:00,2026-02-05 06:00:00,2026-02-05 12:00:00,46,2,0.9933,0.959,0.9702,0.9462,0.99,2026-02-03,ensemble-v1-20260131
2026-02-03,2026-02-03 08:00:00,2026-02-05 07:00:00,2026-02-05 13:00:00,47,2,0.9938,0.9719,0.9678,0.9527,0.99,2026-02-03,ensemble-v1-20260131
2026-02-03,2026-02-03 08:00:00,2026-02-05 08:00:00,2026-02-05 14:00:00,48,2,0.9757,0.9362,0.9638,0.8662,0.99,2026-02-03,ensemble-v1-20260131
2026-02-03,2026-02-03 08:00:00,2026-02-05 09:00:00,2026-02-05 15:00:00,49,2,0.9701,0.9336,0.9549,0.8148,0.99,2026-02-03,ensemble-v1-20260131
2026-02-03,2026-02-03 08:00:00,2026-02-05 10:00:00,2026-02-05 16:00:00,50,2,0.9143,0.8631,0.8901,0.8026,0.99,2026-02-03,ensemble-v1-20260131
2026-02-03,2026-02-03 08:00:00,2026-02-05 11:00:00,2026-02-05 17:00:00,51,2,0.8509,0.8154,0.8457,0.7831,0.99,2026-02-03,ensemble-v1-20260131
2026-02-03,2026-02-03 08:00:00,2026-02-05 12:00:00,2026-02-05 18:00:00,52,2,0.7799,0.7699,0.7914,0.6373,0.99,2026-02-03,ensemble-v1-20260131
2026-02-03,2026-02-03 08:00:00,2026-02-05 13:00:00,2026-02-05 19:00:00,53,2,0.675,0.6779,0.6842,0.4847,0.99,2026-02-03,ensemble-v1-20260131
2026-02-03,2026-02-03 08:00:00,2026-02-05 14:00:00,2026-02-05 20:00:00,54,2,0.5968,0.612,0.5856,0.3997,0.99,2026-02-03,ensemble-v1-20260131
2026-02-03,2026-02-03 08:00:00,2026-02-05 15:00:00,2026-02-05 21:00:00,55,2,0.6033,0.6126,0.6153,0.4317,0.9831,2026-02-03,ensemble-v1-20260131
2026-02-03,2026-02-03 08:00:00,2026-02-05 16:00:00,2026-02-05 22:00:00,56,2,0.6096,0.6136,0.6251,0.3085,0.9883,2026-02-03,ensemble-v1-20260131
2026-02-03,2026-02-03 08:00:00,2026-02-05 17:00:00,2026-02-05 23:00:00,57,2,0.6581,0.6202,0.6441,0.3218,0.99,2026-02-03,ensemble-v1-20260131
2026-02-04,2026-02-04 08:00:00,2026-02-04 18:00:00,2026-02-05 00:00:00,10,1,0.6921,0.6691,0.6739,0.436,0.9718,2026-02-04,ensemble-v1-20260131
2026-02-04,2026-02-04 08:00:00,2026-02-04 19:00:00,2026-02-05 01:00:00,11,1,0.7629,0.7304,0.7279,0.7197,0.9861,2026-02-04,ensemble-v1-20260131
2026-02-04,2026-02-04 08:00:00,2026-02-04 20:00:00,2026-02-05 02:00:00,12,1,0.8093,0.7675,0.7943,0.7943,0.99,2026-02-04,ensemble-v1-20260131
2026-02-04,2026-02-04 08:00:00,2026-02-04 21:00:00,2026-02-05 03:00:00,13,1,0.8508,0.7886,0.8153,0.8153,0.99,2026-02-04,ensemble-v1-20260131
2026-02-04,2026-02-04 08:00:00,2026-02-04 22:00:00,2026-02-05 04:00:00,14,1,0.9133,0.8459,0.8879,0.8629,0.99,2026-02-04,ensemble-v1-20260131
2026-02-04,2026-02-04 08:00:00,2026-02-04 23:00:00,2026-02-05 05:00:00,15,1,0.9515,0.9015,0.9408,0.909,0.99,2026-02-04,ensemble-v1-20260131
2026-02-04,2026-02-04 08:00:00,2026-02-05 00:00:00,2026-02-05 06:00:00,16,1,0.9801,0.9347,0.9724,0.9146,0.99,2026-02-04,ensemble-v1-20260131
2026-02-04,2026-02-04 08:00:00,2026-02-05 01:00:00,2026-02-05 07:00:00,17,1,0.9917,0.9376,0.9844,0.923,0.99,2026-02-04,ensemble-v1-20260131
2026-02-04,2026-02-04 08:00:00,2026-02-05 02:00:00,2026-02-05 08:00:00,18,1,0.9917,0.9392,0.9858,0.9391,0.99,2026-02-04,ensemble-v1-20260131
2026-02-04,2026-02-04 08:00:00,2026-02-05 03:00:00,2026-02-05 09:00:00,19,1,0.9908,0.962,0.9868,0.9402,0.99,2026-02-04,ensemble-v1-20260131
2026-02-04,2026-02-04 08:00:00,2026-02-05 04:00:00,2026-02-05 10:00:00,20,1,0.9875,0.9694,0.9786,0.9541,0.99,2026-02-04,ensemble-v1-20260131
2026-02-04,2026-02-04 08:00:00,2026-02-05 05:00:00,2026-02-05 11:00:00,21,1,0.9886,0.9336,0.9696,0.9449,0.99,2026-02-04,ensemble-v1-20260131
2026-02-04,2026-02-04 08:00:00,2026-02-05 06:00:00,2026-02-05 12:00:00,22,1,0.9922,0.9443,0.9677,0.9488,0.99,2026-02-04,ensemble-v1-20260131
2026-02-04,2026-02-04 08:00:00,2026-02-05 07:00:00,2026-02-05 13:00:00,23,1,0.9861,0.9471,0.9621,0.8323,0.99,2026-02-04,ensemble-v1-20260131
2026-02-04,2026-02-04 08:00:00,2026-02-05 08:00:00,2026-02-05 14:00:00,24,1,0.9781,0.9421,0.948,0.8314,0.99,2026-02-04,ensemble-v1-20260131
2026-02-04,2026-02-04 08:00:00,2026-02-05 09:00:00,2026-02-05 15:00:00,25,1,0.9122,0.8474,0.8862,0.7524,0.99,2026-02-04,ensemble-v1-20260131
2026-02-04,2026-02-04 08:00:00,2026-02-05 10:00:00,2026-02-05 16:00:00,26,1,0.7793,0.7193,0.7669,0.6726,0.99,2026-02-04,ensemble-v1-20260131
2026-02-04,2026-02-04 08:00:00,2026-02-05 11:00:00,2026-02-05 17:00:00,27,1,0.7076,0.6805,0.7176,0.5347,0.99,2026-02-04,ensemble-v1-20260131
2026-02-04,2026-02-04 08:00:00,2026-02-05 12:00:00,2026-02-05 18:00:00,28,1,0.6852,0.6459,0.6651,0.5453,0.99,2026-02-04,ensemble-v1-20260131
2026-02-04,2026-02-04 08:00:00,2026-02-05 13:00:00,2026-02-05 19:00:00,29,1,0.6719,0.6126,0.6333,0.4774,0.9731,2026-02-04,ensemble-v1-20260131
2026-02-04,2026-02-04 08:00:00,2026-02-05 14:00:00,2026-02-05 20:00:00,30,1,0.5987,0.5504,0.5777,0.3187,0.9763,2026-02-04,ensemble-v1-20260131
2026-02-04,2026-02-04 08:00:00,2026-02-05 15:00:00,2026-02-05 21:00:00,31,1,0.5738,0.5411,0.5578,0.3011,0.9702,2026-02-04,ensemble-v1-20260131
2026-02-04,2026-02-04 08:00:00,2026-02-05 16:00:00,2026-02-05 22:00:00,32,1,0.5364,0.526,0.5335,0.2641,0.969,2026-02-04,ensemble-v1-20260131
2026-02-04,2026-02-04 08:00:00,2026-02-05 17:00:00,2026-02-05 23:00:00,33,1,0.485,0.4717,0.4641,0.222,0.974,2026-02-04,ensemble-v1-20260131
2026-02-04,2026-02-04 08:00:00,2026-02-05 18:00:00,2026-02-06 00:00:00,34,2,0.5525,0.5238,0.4955,0.3316,0.949,2026-02-04,ensemble-v1-20260131
2026-02-04,2026-02-04 08:00:00,2026-02-05 19:00:00,2026-02-06 01:00:00,35,2,0.507,0.4464,0.4556,0.2561,0.9355,2026-02-04,ensemble-v1-20260131
2026-02-04,2026-02-04 08:00:00,2026-02-05 20:00:00,2026-02-06 02:00:00,36,2,0.491,0.4182,0.4511,0.1855,0.9377,2026-02-04,ensemble-v1-20260131
2026-02-04,2026-02-04 08:00:00,2026-02-05 21:00:00,2026-02-06 03:00:00,37,2,0.3599,0.3185,0.3437,0.1039,0.8845,2026-02-04,ensemble-v1-20260131
2026-02-04,2026-02-04 08:00:00,2026-02-05 22:00:00,2026-02-06 04:00:00,38,2,0.2213,0.159,0.2028,0.0131,0.8017,2026-02-04,ensemble-v1-20260131
2026-02-04,2026-02-04 08:00:00,2026-02-05 23:00:00,2026-02-06 05:00:00,39,2,0.1216,0.0947,0.1322,0.0,0.7587,2026-02-04,ensemble-v1-20260131
2026-02-04,2026-02-04 08:00:00,2026-02-06 00:00:00,2026-02-06 06:00:00,40,2,0.113,0.1167,0.1242,0.0038,0.7633,2026-02-04,ensemble-v1-20260131
2026-02-04,2026-02-04 08:00:00,2026-02-06 01:00:00,2026-02-06 07:00:00,41,2,0.2247,0.2434,0.256,0.0189,0.6497,2026-02-04,ensemble-v1-20260131
2026-02-04,2026-02-04 08:00:00,2026-02-06 02:00:00,2026-02-06 08:00:00,42,2,0.1566,0.1533,0.1577,0.0031,0.6435,2026-02-04,ensemble-v1-20260131
2026-02-04,2026-02-04 08:00:00,2026-02-06 03:00:00,2026-02-06 09:00:00,43,2,0.2783,0.3115,0.295,0.0388,0.9199,2026-02-04,ensemble-v1-20260131
2026-02-04,2026-02-04 08:00:00,2026-02-06 04:00:00,2026-02-06 10:00:00,44,2,0.5139,0.5324,0.4915,0.1153,0.99,2026-02-04,ensemble-v1-20260131
2026-02-04,2026-02-04 08:00:00,2026-02-06 05:00:00,2026-02-06 11:00:00,45,2,0.7297,0.7748,0.7628,0.1749,0.99,2026-02-04,ensemble-v1-20260131
2026-02-04,2026-02-04 08:00:00,2026-02-06 06:00:00,2026-02-06 12:00:00,46,2,0.8967,0.8969,0.8972,0.4532,0.99,2026-02-04,ensemble-v1-20260131
2026-02-04,2026-02-04 08:00:00,2026-02-06 07:00:00,2026-02-06 13:00:00,47,2,0.9335,0.9378,0.9425,0.641,0.99,2026-02-04,ensemble-v1-20260131
2026-02-04,2026-02-04 08:00:00,2026-02-06 08:00:00,2026-02-06 14:00:00,48,2,0.9615,0.935,0.9478,0.7704,0.99,2026-02-04,ensemble-v1-20260131
2026-02-04,2026-02-04 08:00:00,2026-02-06 09:00:00,2026-02-06 15:00:00,49,2,0.9875,0.9668,0.9836,0.9361,0.99,2026-02-04,ensemble-v1-20260131
2026-02-04,2026-02-04 08:00:00,2026-02-06 10:00:00,2026-02-06 16:00:00,50,2,0.984,0.9517,0.9684,0.8932,0.99,2026-02-04,ensemble-v1-20260131
2026-02-04,2026-02-04 08:00:00,2026-02-06 11:00:00,2026-02-06 17:00:00,51,2,0.9531,0.939,0.951,0.8388,0.99,2026-02-04,ensemble-v1-20260131
2026-02-04,2026-02-04 08:00:00,2026-02-06 12:00:00,2026-02-06 18:00:00,52,2,0.9576,0.9304,0.9521,0.8138,0.99,2026-02-04,ensemble-v1-20260131
2026-02-04,2026-02-04 08:00:00,2026-02-06 13:00:00,2026-02-06 19:00:00,53,2,0.9763,0.954,0.9666,0.9116,0.99,2026-02-04,ensemble-v1-20260131
2026-02-04,2026-02-04 08:00:00,2026-02-06 14:00:00,2026-02-06 20:00:00,54,2,0.9936,0.9786,0.9894,0.9363,0.99,2026-02-04,ensemble-v1-20260131
2026-02-04,2026-02-04 08:00:00,2026-02-06 15:00:00,2026-02-06 21:00:00,55,2,0.9948,0.9765,0.9854,0.9372,0.99,2026-02-04,ensemble-v1-20260131
2026-02-04,2026-02-04 08:00:00,2026-02-06 16:00:00,2026-02-06 22:00:00,56,2,0.986,0.9709,0.9715,0.9101,0.99,2026-02-04,ensemble-v1-20260131
2026-02-04,2026-02-04 08:00:00,2026-02-06 17:00:00,2026-02-06 23:00:00,57,2,0.8705,0.858,0.8577,0.7369,0.99,2026-02-04,ensemble-v1-20260131
2026-02-05,2026-02-05 08:00:00,2026-02-05 18:00:00,2026-02-06 00:00:00,10,1,0.5413,0.4854,0.4753,0.214,0.9568,2026-02-05,ensemble-v1-20260131
2026-02-05,2026-02-05 08:00:00,2026-02-05 19:00:00,2026-02-06 01:00:00,11,1,0.4822,0.4544,0.4596,0.2116,0.9387,2026-02-05,ensemble-v1-20260131
2026-02-05,2026-02-05 08:00:00,2026-02-05 20:00:00,2026-02-06 02:00:00,12,1,0.4343,0.4039,0.4116,0.1718,0.91,2026-02-05,ensemble-v1-20260131
2026-02-05,2026-02-05 08:00:00,2026-02-05 21:00:00,2026-02-06 03:00:00,13,1,0.3319,0.3069,0.308,0.0986,0.8408,2026-02-05,ensemble-v1-20260131
2026-02-05,2026-02-05 08:00:00,2026-02-05 22:00:00,2026-02-06 04:00:00,14,1,0.2179,0.2098,0.2334,0.0602,0.7934,2026-02-05,ensemble-v1-20260131
2026-02-05,2026-02-05 08:00:00,2026-02-05 23:00:00,2026-02-06 05:00:00,15,1,0.1883,0.1767,0.2055,0.0261,0.7295,2026-02-05,ensemble-v1-20260131
2026-02-05,2026-02-05 08:00:00,2026-02-06 00:00:00,2026-02-06 06:00:00,16,1,0.0932,0.0859,0.1033,0.0,0.4289,2026-02-05,ensemble-v1-20260131
2026-02-05,2026-02-05 08:00:00,2026-02-06 01:00:00,2026-02-06 07:00:00,17,1,0.0972,0.1037,0.0987,0.0,0.6105,2026-02-05,ensemble-v1-20260131
2026-02-05,2026-02-05 08:00:00,2026-02-06 02:00:00,2026-02-06 08:00:00,18,1,0.163,0.1512,0.1843,0.0,0.5919,2026-02-05,ensemble-v1-20260131
2026-02-05,2026-02-05 08:00:00,2026-02-06 03:00:00,2026-02-06 09:00:00,19,1,0.2199,0.2166,0.2131,0.0,0.4425,2026-02-05,ensemble-v1-20260131
2026-02-05,2026-02-05 08:00:00,2026-02-06 04:00:00,2026-02-06 10:00:00,20,1,0.1234,0.1213,0.125,0.0,0.4956,2026-02-05,ensemble-v1-20260131
2026-02-05,2026-02-05 08:00:00,2026-02-06 05:00:00,2026-02-06 11:00:00,21,1,0.1919,0.1654,0.1714,0.0111,0.6655,2026-02-05,ensemble-v1-20260131
2026-02-05,2026-02-05 08:00:00,2026-02-06 06:00:00,2026-02-06 12:00:00,22,1,0.4881,0.5428,0.5243,0.219,0.99,2026-02-05,ensemble-v1-20260131
2026-02-05,2026-02-05 08:00:00,2026-02-06 07:00:00,2026-02-06 13:00:00,23,1,0.9218,0.942,0.9275,0.4321,0.99,2026-02-05,ensemble-v1-20260131
2026-02-05,2026-02-05 08:00:00,2026-02-06 08:00:00,2026-02-06 14:00:00,24,1,0.9638,0.9489,0.9498,0.7656,0.99,2026-02-05,ensemble-v1-20260131
2026-02-05,2026-02-05 08:00:00,2026-02-06 09:00:00,2026-02-06 15:00:00,25,1,0.9796,0.9627,0.9717,0.9159,0.99,2026-02-05,ensemble-v1-20260131
2026-02-05,2026-02-05 08:00:00,2026-02-06 10:00:00,2026-02-06 16:00:00,26,1,0.9863,0.9621,0.9698,0.9248,0.99,2026-02-05,ensemble-v1-20260131
2026-02-05,2026-02-05 08:00:00,2026-02-06 11:00:00,2026-02-06 17:00:00,27,1,0.9937,0.9656,0.9833,0.9235,0.99,2026-02-05,ensemble-v1-20260131
2026-02-05,2026-02-05 08:00:00,2026-02-06 12:00:00,2026-02-06 18:00:00,28,1,0.9942,0.9755,0.9861,0.9464,0.99,2026-02-05,ensemble-v1-20260131
2026-02-05,2026-02-05 08:00:00,2026-02-06 13:00:00,2026-02-06 19:00:00,29,1,0.9947,0.98,0.9873,0.9608,0.99,2026-02-05,ensemble-v1-20260131
2026-02-05,2026-02-05 08:00:00,2026-02-06 14:00:00,2026-02-06 20:00:00,30,1,0.995,0.9808,0.9874,0.9617,0.99,2026-02-05,ensemble-v1-20260131
2026-02-05,2026-02-05 08:00:00,2026-02-06 15:00:00,2026-02-06 21:00:00,31,1,0.9967,0.982,0.9873,0.9731,0.99,2026-02-05,ensemble-v1-20260131
2026-02-05,2026-02-05 08:00:00,2026-02-06 16:00:00,2026-02-06 22:00:00,32,1,0.9947,0.9781,0.9879,0.9071,0.99,2026-02-05,ensemble-v1-20260131
2026-02-05,2026-02-05 08:00:00,2026-02-06 17:00:00,2026-02-06 23:00:00,33,1,0.9947,0.9795,0.9867,0.8923,0.99,2026-02-05,ensemble-v1-20260131
2026-02-05,2026-02-05 08:00:00,2026-02-06 18:00:00,2026-02-07 00:00:00,34,2,0.9592,0.9677,0.9301,0.8283,0.99,2026-02-05,ensemble-v1-20260131
2026-02-05,2026-02-05 08:00:00,2026-02-06 19:00:00,2026-02-07 01:00:00,35,2,0.8308,0.8202,0.804,0.6626,0.99,2026-02-05,ensemble-v1-20260131
2026-02-05,2026-02-05 08:00:00,2026-02-06 20:00:00,2026-02-07 02:00:00,36,2,0.7239,0.7407,0.69,0.4758,0.99,2026-02-05,ensemble-v1-20260131
2026-02-05,2026-02-05 08:00:00,2026-02-06 21:00:00,2026-02-07 03:00:00,37,2,0.5652,0.5617,0.559,0.3225,0.9531,2026-02-05,ensemble-v1-20260131
2026-02-05,2026-02-05 08:00:00,2026-02-06 22:00:00,2026-02-07 04:00:00,38,2,0.454,0.4279,0.4594,0.1067,0.8844,2026-02-05,ensemble-v1-20260131
2026-02-05,2026-02-05 08:00:00,2026-02-06 23:00:00,2026-02-07 05:00:00,39,2,0.3289,0.3447,0.3409,0.0601,0.7767,2026-02-05,ensemble-v1-20260131
2026-02-05,2026-02-05 08:00:00,2026-02-07 00:00:00,2026-02-07 06:00:00,40,2,0.2279,0.2336,0.2286,0.0195,0.6455,2026-02-05,ensemble-v1-20260131
2026-02-05,2026-02-05 08:00:00,2026-02-07 01:00:00,2026-02-07 07:00:00,41,2,0.1199,0.1079,0.0991,0.0,0.4144,2026-02-05,ensemble-v1-20260131
2026-02-05,2026-02-05 08:00:00,2026-02-07 02:00:00,2026-02-07 08:00:00,42,2,0.0358,0.0371,0.0349,0.0,0.3021,2026-02-05,ensemble-v1-20260131
2026-02-05,2026-02-05 08:00:00,2026-02-07 03:00:00,2026-02-07 09:00:00,43,2,0.0468,0.051,0.0475,0.0,0.1993,2026-02-05,ensemble-v1-20260131
2026-02-05,2026-02-05 08:00:00,2026-02-07 04:00:00,2026-02-07 10:00:00,44,2,0.0582,0.0608,0.0584,0.0,0.289,2026-02-05,ensemble-v1-20260131
2026-02-05,2026-02-05 08:00:00,2026-02-07 05:00:00,2026-02-07 11:00:00,45,2,0.1099,0.1061,0.1037,0.0,0.4283,2026-02-05,ensemble-v1-20260131
2026-02-05,2026-02-05 08:00:00,2026-02-07 06:00:00,2026-02-07 12:00:00,46,2,0.134,0.1187,0.1431,0.0,0.5302,2026-02-05,ensemble-v1-20260131
2026-02-05,2026-02-05 08:00:00,2026-02-07 07:00:00,2026-02-07 13:00:00,47,2,0.2053,0.1742,0.2044,0.0077,0.5286,2026-02-05,ensemble-v1-20260131
2026-02-05,2026-02-05 08:00:00,2026-02-07 08:00:00,2026-02-07 14:00:00,48,2,0.2206,0.2005,0.2327,0.0097,0.4959,2026-02-05,ensemble-v1-20260131
2026-02-05,2026-02-05 08:00:00,2026-02-07 09:00:00,2026-02-07 15:00:00,49,2,0.2302,0.2204,0.2485,0.0109,0.541,2026-02-05,ensemble-v1-20260131
2026-02-05,2026-02-05 08:00:00,2026-02-07 10:00:00,2026-02-07 16:00:00,50,2,0.2139,0.2032,0.2001,0.0,0.5208,2026-02-05,ensemble-v1-20260131
2026-02-05,2026-02-05 08:00:00,2026-02-07 11:00:00,2026-02-07 17:00:00,51,2,0.1711,0.1755,0.1579,0.0,0.4792,2026-02-05,ensemble-v1-20260131
2026-02-05,2026-02-05 08:00:00,2026-02-07 12:00:00,2026-02-07 18:00:00,52,2,0.1625,0.1551,0.1711,0.0,0.5124,2026-02-05,ensemble-v1-20260131
2026-02-05,2026-02-05 08:00:00,2026-02-07 13:00:00,2026-02-07 19:00:00,53,2,0.2006,0.2307,0.2177,0.001,0.897,2026-02-05,ensemble-v1-20260131
2026-02-05,2026-02-05 08:00:00,2026-02-07 14:00:00,2026-02-07 20:00:00,54,2,0.4862,0.5161,0.4754,0.0922,0.9537,2026-02-05,ensemble-v1-20260131
2026-02-05,2026-02-05 08:00:00,2026-02-07 15:00:00,2026-02-07 21:00:00,55,2,0.6066,0.6165,0.6231,0.1849,0.99,2026-02-05,ensemble-v1-20260131
2026-02-05,2026-02-05 08:00:00,2026-02-07 16:00:00,2026-02-07 22:00:00,56,2,0.7258,0.6986,0.7447,0.3119,0.99,2026-02-05,ensemble-v1-20260131
2026-02-05,2026-02-05 08:00:00,2026-02-07 17:00:00,2026-02-07 23:00:00,57,2,0.7061,0.7204,0.7162,0.2949,0.99,2026-02-05,ensemble-v1-20260131
2026-02-06,2026-02-06 08:00:00,2026-02-06 18:00:00,2026-02-07 00:00:00,10,1,0.7013,0.7065,0.7041,0.4439,0.99,2026-02-06,ensemble-v1-20260131
2026-02-06,2026-02-06 08:00:00,2026-02-06 19:00:00,2026-02-07 01:00:00,11,1,0.5463,0.5514,0.5403,0.1688,0.9541,2026-02-06,ensemble-v1-20260131
2026-02-06,2026-02-06 08:00:00,2026-02-06 20:00:00,2026-02-07 02:00:00,12,1,0.4393,0.448,0.4457,0.1722,0.9057,2026-02-06,ensemble-v1-20260131
2026-02-06,2026-02-06 08:00:00,2026-02-06 21:00:00,2026-02-07 03:00:00,13,1,0.3966,0.3871,0.3963,0.1142,0.7907,2026-02-06,ensemble-v1-20260131
2026-02-06,2026-02-06 08:00:00,2026-02-06 22:00:00,2026-02-07 04:00:00,14,1,0.2667,0.2711,0.2599,0.043,0.6581,2026-02-06,ensemble-v1-20260131
2026-02-06,2026-02-06 08:00:00,2026-02-06 23:00:00,2026-02-07 05:00:00,15,1,0.1841,0.1759,0.179,0.0074,0.5557,2026-02-06,ensemble-v1-20260131
2026-02-06,2026-02-06 08:00:00,2026-02-07 00:00:00,2026-02-07 06:00:00,16,1,0.0967,0.0891,0.0884,0.0,0.4118,2026-02-06,ensemble-v1-20260131
2026-02-06,2026-02-06 08:00:00,2026-02-07 01:00:00,2026-02-07 07:00:00,17,1,0.0343,0.0336,0.0353,0.0,0.2839,2026-02-06,ensemble-v1-20260131
2026-02-06,2026-02-06 08:00:00,2026-02-07 02:00:00,2026-02-07 08:00:00,18,1,0.023,0.0253,0.0177,0.0,0.1403,2026-02-06,ensemble-v1-20260131
2026-02-06,2026-02-06 08:00:00,2026-02-07 03:00:00,2026-02-07 09:00:00,19,1,0.0172,0.0328,0.0251,0.0,0.1162,2026-02-06,ensemble-v1-20260131
2026-02-06,2026-02-06 08:00:00,2026-02-07 04:00:00,2026-02-07 10:00:00,20,1,0.0534,0.0624,0.072,0.0,0.2287,2026-02-06,ensemble-v1-20260131
2026-02-06,2026-02-06 08:00:00,2026-02-07 05:00:00,2026-02-07 11:00:00,21,1,0.2161,0.1848,0.2205,0.0054,0.5015,2026-02-06,ensemble-v1-20260131
2026-02-06,2026-02-06 08:00:00,2026-02-07 06:00:00,2026-02-07 12:00:00,22,1,0.2853,0.2467,0.318,0.0357,0.702,2026-02-06,ensemble-v1-20260131
2026-02-06,2026-02-06 08:00:00,2026-02-07 07:00:00,2026-02-07 13:00:00,23,1,0.363,0.3353,0.397,0.0454,0.7439,2026-02-06,ensemble-v1-20260131
2026-02-06,2026-02-06 08:00:00,2026-02-07 08:00:00,2026-02-07 14:00:00,24,1,0.3316,0.2991,0.3292,0.0325,0.6515,2026-02-06,ensemble-v1-20260131
2026-02-06,2026-02-06 08:00:00,2026-02-07 09:00:00,2026-02-07 15:00:00,25,1,0.2416,0.2064,0.2355,0.0037,0.4795,2026-02-06,ensemble-v1-20260131
2026-02-06,2026-02-06 08:00:00,2026-02-07 10:00:00,2026-02-07 16:00:00,26,1,0.1772,0.1616,0.1709,0.0,0.4443,2026-02-06,ensemble-v1-20260131
2026-02-06,2026-02-06 08:00:00,2026-02-07 11:00:00,2026-02-07 17:00:00,27,1,0.132,0.1046,0.135,0.0,0.4412,2026-02-06,ensemble-v1-20260131
2026-02-06,2026-02-06 08:00:00,2026-02-07 12:00:00,2026-02-07 18:00:00,28,1,0.0703,0.0657,0.0826,0.0,0.4502,2026-02-06,ensemble-v1-20260131
2026-02-06,2026-02-06 08:00:00,2026-02-07 13:00:00,2026-02-07 19:00:00,29,1,0.162,0.1623,0.1707,0.0,0.7072,2026-02-06,ensemble-v1-20260131
2026-02-06,2026-02-06 08:00:00,2026-02-07 14:00:00,2026-02-07 20:00:00,30,1,0.3273,0.3465,0.361,0.0344,0.7884,2026-02-06,ensemble-v1-20260131
2026-02-06,2026-02-06 08:00:00,2026-02-07 15:00:00,2026-02-07 21:00:00,31,1,0.5479,0.5592,0.5773,0.1671,0.9451,2026-02-06,ensemble-v1-20260131
2026-02-06,2026-02-06 08:00:00,2026-02-07 16:00:00,2026-02-07 22:00:00,32,1,0.723,0.7462,0.7542,0.2669,0.99,2026-02-06,ensemble-v1-20260131
2026-02-06,2026-02-06 08:00:00,2026-02-07 17:00:00,2026-02-07 23:00:00,33,1,0.8166,0.7979,0.8222,0.3613,0.99,2026-02-06,ensemble-v1-20260131
2026-02-06,2026-02-06 08:00:00,2026-02-07 18:00:00,2026-02-08 00:00:00,34,2,0.7901,0.799,0.8046,0.4039,0.99,2026-02-06,ensemble-v1-20260131
2026-02-06,2026-02-06 08:00:00,2026-02-07 19:00:00,2026-02-08 01:00:00,35,2,0.8347,0.829,0.827,0.4746,0.9896,2026-02-06,ensemble-v1-20260131
2026-02-06,2026-02-06 08:00:00,2026-02-07 20:00:00,2026-02-08 02:00:00,36,2,0.8112,0.8334,0.8284,0.5305,0.99,2026-02-06,ensemble-v1-20260131
2026-02-06,2026-02-06 08:00:00,2026-02-07 21:00:00,2026-02-08 03:00:00,37,2,0.7994,0.7934,0.8073,0.5877,0.99,2026-02-06,ensemble-v1-20260131
2026-02-06,2026-02-06 08:00:00,2026-02-07 22:00:00,2026-02-08 04:00:00,38,2,0.7679,0.7583,0.775,0.4297,0.99,2026-02-06,ensemble-v1-20260131
2026-02-06,2026-02-06 08:00:00,2026-02-07 23:00:00,2026-02-08 05:00:00,39,2,0.6892,0.6941,0.7086,0.3401,0.99,2026-02-06,ensemble-v1-20260131
2026-02-06,2026-02-06 08:00:00,2026-02-08 00:00:00,2026-02-08 06:00:00,40,2,0.6186,0.611,0.6303,0.3388,0.9746,2026-02-06,ensemble-v1-20260131
2026-02-06,2026-02-06 08:00:00,2026-02-08 01:00:00,2026-02-08 07:00:00,41,2,0.5098,0.5264,0.5259,0.1998,0.8892,2026-02-06,ensemble-v1-20260131
2026-02-06,2026-02-06 08:00:00,2026-02-08 02:00:00,2026-02-08 08:00:00,42,2,0.4037,0.4113,0.453,0.0579,0.8514,2026-02-06,ensemble-v1-20260131
2026-02-06,2026-02-06 08:00:00,2026-02-08 03:00:00,2026-02-08 09:00:00,43,2,0.284,0.2979,0.3052,0.0346,0.6821,2026-02-06,ensemble-v1-20260131
2026-02-06,2026-02-06 08:00:00,2026-02-08 04:00:00,2026-02-08 10:00:00,44,2,0.1967,0.2075,0.1863,0.0056,0.5959,2026-02-06,ensemble-v1-20260131
2026-02-06,2026-02-06 08:00:00,2026-02-08 05:00:00,2026-02-08 11:00:00,45,2,0.0892,0.0928,0.0975,0.0,0.3379,2026-02-06,ensemble-v1-20260131
2026-02-06,2026-02-06 08:00:00,2026-02-08 06:00:00,2026-02-08 12:00:00,46,2,0.085,0.088,0.0935,0.0,0.3604,2026-02-06,ensemble-v1-20260131
2026-02-06,2026-02-06 08:00:00,2026-02-08 07:00:00,2026-02-08 13:00:00,47,2,0.0734,0.0696,0.0597,0.0,0.3002,2026-02-06,ensemble-v1-20260131
2026-02-06,2026-02-06 08:00:00,2026-02-08 08:00:00,2026-02-08 14:00:00,48,2,0.0455,0.057,0.0551,0.0,0.3106,2026-02-06,ensemble-v1-20260131
2026-02-06,2026-02-06 08:00:00,2026-02-08 09:00:00,2026-02-08 15:00:00,49,2,0.1431,0.1618,0.1695,0.0,0.6352,2026-02-06,ensemble-v1-20260131
2026-02-06,2026-02-06 08:00:00,2026-02-08 10:00:00,2026-02-08 16:00:00,50,2,0.2898,0.2988,0.2714,0.0257,0.8179,2026-02-06,ensemble-v1-20260131
2026-02-06,2026-02-06 08:00:00,2026-02-08 11:00:00,2026-02-08 17:00:00,51,2,0.5918,0.5766,0.5337,0.1367,0.9449,2026-02-06,ensemble-v1-20260131
2026-02-06,2026-02-06 08:00:00,2026-02-08 12:00:00,2026-02-08 18:00:00,52,2,0.9319,0.9488,0.939,0.5074,0.99,2026-02-06,ensemble-v1-20260131
2026-02-06,2026-02-06 08:00:00,2026-02-08 13:00:00,2026-02-08 19:00:00,53,2,0.9929,0.9777,0.9849,0.9307,0.99,2026-02-06,ensemble-v1-20260131
2026-02-06,2026-02-06 08:00:00,2026-02-08 14:00:00,2026-02-08 20:00:00,54,2,0.9935,0.9799,0.9884,0.9574,0.99,2026-02-06,ensemble-v1-20260131
2026-02-06,2026-02-06 08:00:00,2026-02-08 15:00:00,2026-02-08 21:00:00,55,2,0.9948,0.9789,0.9888,0.9505,0.99,2026-02-06,ensemble-v1-20260131
2026-02-06,2026-02-06 08:00:00,2026-02-08 16:00:00,2026-02-08 22:00:00,56,2,0.9938,0.9743,0.9882,0.9419,0.99,2026-02-06,ensemble-v1-20260131
2026-02-06,2026-02-06 08:00:00,2026-02-08 17:00:00,2026-02-08 23:00:00,57,2,0.9896,0.9396,0.964,0.8123,0.99,2026-02-06,ensemble-v1-20260131
2026-02-07,2026-02-07 08:00:00,2026-02-07 18:00:00,2026-02-08 00:00:00,10,1,0.9647,0.9542,0.9623,0.8099,0.99,2026-02-07,ensemble-v1-20260131
2026-02-07,2026-02-07 08:00:00,2026-02-07 19:00:00,2026-02-08 01:00:00,11,1,0.9668,0.9522,0.9661,0.8392,0.99,2026-02-07,ensemble-v1-20260131
2026-02-07,2026-02-07 08:00:00,2026-02-07 20:00:00,2026-02-08 02:00:00,12,1,0.9591,0.9419,0.9554,0.8238,0.99,2026-02-07,ensemble-v1-20260131
2026-02-07,2026-02-07 08:00:00,2026-02-07 21:00:00,2026-02-08 03:00:00,13,1,0.8849,0.8866,0.8695,0.7528,0.99,2026-02-07,ensemble-v1-20260131
2026-02-07,2026-02-07 08:00:00,2026-02-07 22:00:00,2026-02-08 04:00:00,14,1,0.8165,0.8027,0.8023,0.5342,0.9893,2026-02-07,ensemble-v1-20260131
2026-02-07,2026-02-07 08:00:00,2026-02-07 23:00:00,2026-02-08 05:00:00,15,1,0.7638,0.7784,0.7676,0.4504,0.99,2026-02-07,ensemble-v1-20260131
2026-02-07,2026-02-07 08:00:00,2026-02-08 00:00:00,2026-02-08 06:00:00,16,1,0.6681,0.6657,0.6652,0.3461,0.9833,2026-02-07,ensemble-v1-20260131
2026-02-07,2026-02-07 08:00:00,2026-02-08 01:00:00,2026-02-08 07:00:00,17,1,0.5445,0.5496,0.5455,0.2278,0.9346,2026-02-07,ensemble-v1-20260131
2026-02-07,2026-02-07 08:00:00,2026-02-08 02:00:00,2026-02-08 08:00:00,18,1,0.3346,0.3021,0.3061,0.0637,0.7556,2026-02-07,ensemble-v1-20260131
2026-02-07,2026-02-07 08:00:00,2026-02-08 03:00:00,2026-02-08 09:00:00,19,1,0.1744,0.1753,0.1754,0.0,0.524,2026-02-07,ensemble-v1-20260131
2026-02-07,2026-02-07 08:00:00,2026-02-08 04:00:00,2026-02-08 10:00:00,20,1,0.0639,0.0648,0.0685,0.0,0.2371,2026-02-07,ensemble-v1-20260131
2026-02-07,2026-02-07 08:00:00,2026-02-08 05:00:00,2026-02-08 11:00:00,21,1,0.04,0.0239,0.0408,0.0,0.1699,2026-02-07,ensemble-v1-20260131
2026-02-07,2026-02-07 08:00:00,2026-02-08 06:00:00,2026-02-08 12:00:00,22,1,0.017,0.0137,0.0233,0.0,0.0871,2026-02-07,ensemble-v1-20260131
2026-02-07,2026-02-07 08:00:00,2026-02-08 07:00:00,2026-02-08 13:00:00,23,1,0.0164,0.014,0.0274,0.0,0.0934,2026-02-07,ensemble-v1-20260131
2026-02-07,2026-02-07 08:00:00,2026-02-08 08:00:00,2026-02-08 14:00:00,24,1,0.0272,0.0425,0.0564,0.0,0.1844,2026-02-07,ensemble-v1-20260131
2026-02-07,2026-02-07 08:00:00,2026-02-08 09:00:00,2026-02-08 15:00:00,25,1,0.1839,0.1752,0.1768,0.0,0.631,2026-02-07,ensemble-v1-20260131
2026-02-07,2026-02-07 08:00:00,2026-02-08 10:00:00,2026-02-08 16:00:00,26,1,0.4664,0.4485,0.4501,0.1359,0.8887,2026-02-07,ensemble-v1-20260131
2026-02-07,2026-02-07 08:00:00,2026-02-08 11:00:00,2026-02-08 17:00:00,27,1,0.876,0.8402,0.8586,0.683,0.99,2026-02-07,ensemble-v1-20260131
2026-02-07,2026-02-07 08:00:00,2026-02-08 12:00:00,2026-02-08 18:00:00,28,1,0.954,0.9402,0.9477,0.9477,0.99,2026-02-07,ensemble-v1-20260131
2026-02-07,2026-02-07 08:00:00,2026-02-08 13:00:00,2026-02-08 19:00:00,29,1,0.9732,0.9611,0.9699,0.9394,0.99,2026-02-07,ensemble-v1-20260131
2026-02-07,2026-02-07 08:00:00,2026-02-08 14:00:00,2026-02-08 20:00:00,30,1,0.9916,0.9679,0.9863,0.9432,0.99,2026-02-07,ensemble-v1-20260131
2026-02-07,2026-02-07 08:00:00,2026-02-08 15:00:00,2026-02-08 21:00:00,31,1,0.9945,0.9801,0.9894,0.9418,0.99,2026-02-07,ensemble-v1-20260131
2026-02-07,2026-02-07 08:00:00,2026-02-08 16:00:00,2026-02-08 22:00:00,32,1,0.9937,0.9709,0.9885,0.9393,0.99,2026-02-07,ensemble-v1-20260131
2026-02-07,2026-02-07 08:00:00,2026-02-08 17:00:00,2026-02-08 23:00:00,33,1,0.9931,0.9676,0.9877,0.9324,0.99,2026-02-07,ensemble-v1-20260131
2026-02-07,2026-02-07 08:00:00,2026-02-08 18:00:00,2026-02-09 00:00:00,34,2,0.9934,0.9734,0.9885,0.9294,0.99,2026-02-07,ensemble-v1-20260131
2026-02-07,2026-02-07 08:00:00,2026-02-08 19:00:00,2026-02-09 01:00:00,35,2,0.9919,0.9642,0.9831,0.9241,0.99,2026-02-07,ensemble-v1-20260131
2026-02-07,2026-02-07 08:00:00,2026-02-08 20:00:00,2026-02-09 02:00:00,36,2,0.993,0.9657,0.9833,0.9219,0.99,2026-02-07,ensemble-v1-20260131
2026-02-07,2026-02-07 08:00:00,2026-02-08 21:00:00,2026-02-09 03:00:00,37,2,0.9925,0.9613,0.9779,0.8595,0.99,2026-02-07,ensemble-v1-20260131
2026-02-07,2026-02-07 08:00:00,2026-02-08 22:00:00,2026-02-09 04:00:00,38,2,0.9897,0.9616,0.974,0.8326,0.99,2026-02-07,ensemble-v1-20260131
2026-02-07,2026-02-07 08:00:00,2026-02-08 23:00:00,2026-02-09 05:00:00,39,2,0.9764,0.962,0.9775,0.7868,0.99,2026-02-07,ensemble-v1-20260131
2026-02-07,2026-02-07 08:00:00,2026-02-09 00:00:00,2026-02-09 06:00:00,40,2,0.9747,0.9572,0.967,0.787,0.99,2026-02-07,ensemble-v1-20260131
2026-02-07,2026-02-07 08:00:00,2026-02-09 01:00:00,2026-02-09 07:00:00,41,2,0.9657,0.9424,0.9457,0.7522,0.99,2026-02-07,ensemble-v1-20260131
2026-02-07,2026-02-07 08:00:00,2026-02-09 02:00:00,2026-02-09 08:00:00,42,2,0.9278,0.923,0.9221,0.7303,0.99,2026-02-07,ensemble-v1-20260131
2026-02-07,2026-02-07 08:00:00,2026-02-09 03:00:00,2026-02-09 09:00:00,43,2,0.9069,0.9091,0.9003,0.7475,0.99,2026-02-07,ensemble-v1-20260131
2026-02-07,2026-02-07 08:00:00,2026-02-09 04:00:00,2026-02-09 10:00:00,44,2,0.924,0.8992,0.9118,0.7526,0.99,2026-02-07,ensemble-v1-20260131
2026-02-07,2026-02-07 08:00:00,2026-02-09 05:00:00,2026-02-09 11:00:00,45,2,0.8619,0.847,0.8691,0.7348,0.99,2026-02-07,ensemble-v1-20260131
2026-02-07,2026-02-07 08:00:00,2026-02-09 06:00:00,2026-02-09 12:00:00,46,2,0.8995,0.8779,0.8931,0.7441,0.99,2026-02-07,ensemble-v1-20260131
2026-02-07,2026-02-07 08:00:00,2026-02-09 07:00:00,2026-02-09 13:00:00,47,2,0.8474,0.8227,0.8543,0.7056,0.99,2026-02-07,ensemble-v1-20260131
2026-02-07,2026-02-07 08:00:00,2026-02-09 08:00:00,2026-02-09 14:00:00,48,2,0.8151,0.7932,0.8228,0.6898,0.99,2026-02-07,ensemble-v1-20260131
2026-02-07,2026-02-07 08:00:00,2026-02-09 09:00:00,2026-02-09 15:00:00,49,2,0.7894,0.7687,0.8092,0.626,0.99,2026-02-07,ensemble-v1-20260131
2026-02-07,2026-02-07 08:00:00,2026-02-09 10:00:00,2026-02-09 16:00:00,50,2,0.759,0.7726,0.8003,0.5812,0.99,2026-02-07,ensemble-v1-20260131
2026-02-07,2026-02-07 08:00:00,2026-02-09 11:00:00,2026-02-09 17:00:00,51,2,0.7906,0.8302,0.8381,0.6779,0.99,2026-02-07,ensemble-v1-20260131
2026-02-07,2026-02-07 08:00:00,2026-02-09 12:00:00,2026-02-09 18:00:00,52,2,0.7696,0.7686,0.7948,0.6044,0.99,2026-02-07,ensemble-v1-20260131
2026-02-07,2026-02-07 08:00:00,2026-02-09 13:00:00,2026-02-09 19:00:00,53,2,0.6469,0.6083,0.6447,0.4779,0.99,2026-02-07,ensemble-v1-20260131
2026-02-07,2026-02-07 08:00:00,2026-02-09 14:00:00,2026-02-09 20:00:00,54,2,0.5482,0.5257,0.5277,0.2651,0.99,2026-02-07,ensemble-v1-20260131
2026-02-07,2026-02-07 08:00:00,2026-02-09 15:00:00,2026-02-09 21:00:00,55,2,0.6207,0.579,0.5618,0.2589,0.99,2026-02-07,ensemble-v1-20260131
2026-02-07,2026-02-07 08:00:00,2026-02-09 16:00:00,2026-02-09 22:00:00,56,2,0.6228,0.5875,0.5706,0.2133,0.99,2026-02-07,ensemble-v1-20260131
2026-02-07,2026-02-07 08:00:00,2026-02-09 17:00:00,2026-02-09 23:00:00,57,2,0.5345,0.5093,0.5025,0.1503,0.9851,2026-02-07,ensemble-v1-20260131
2026-02-08,2026-02-08 08:00:00,2026-02-08 18:00:00,2026-02-09 00:00:00,10,1,0.9934,0.9768,0.9887,0.9131,0.99,2026-02-08,ensemble-v1-20260131
2026-02-08,2026-02-08 08:00:00,2026-02-08 19:00:00,2026-02-09 01:00:00,11,1,0.9928,0.9721,0.9857,0.9254,0.99,2026-02-08,ensemble-v1-20260131
2026-02-08,2026-02-08 08:00:00,2026-02-08 20:00:00,2026-02-09 02:00:00,12,1,0.9936,0.9655,0.9787,0.8702,0.99,2026-02-08,ensemble-v1-20260131
2026-02-08,2026-02-08 08:00:00,2026-02-08 21:00:00,2026-02-09 03:00:00,13,1,0.9936,0.9634,0.9782,0.867,0.99,2026-02-08,ensemble-v1-20260131
2026-02-08,2026-02-08 08:00:00,2026-02-08 22:00:00,2026-02-09 04:00:00,14,1,0.9905,0.9642,0.9709,0.8598,0.99,2026-02-08,ensemble-v1-20260131
2026-02-08,2026-02-08 08:00:00,2026-02-08 23:00:00,2026-02-09 05:00:00,15,1,0.9836,0.9626,0.973,0.8067,0.99,2026-02-08,ensemble-v1-20260131
2026-02-08,2026-02-08 08:00:00,2026-02-09 00:00:00,2026-02-09 06:00:00,16,1,0.9533,0.9416,0.9313,0.794,0.99,2026-02-08,ensemble-v1-20260131
2026-02-08,2026-02-08 08:00:00,2026-02-09 01:00:00,2026-02-09 07:00:00,17,1,0.9065,0.9004,0.8944,0.7692,0.99,2026-02-08,ensemble-v1-20260131
2026-02-08,2026-02-08 08:00:00,2026-02-09 02:00:00,2026-02-09 08:00:00,18,1,0.897,0.876,0.889,0.7568,0.99,2026-02-08,ensemble-v1-20260131
2026-02-08,2026-02-08 08:00:00,2026-02-09 03:00:00,2026-02-09 09:00:00,19,1,0.877,0.8584,0.8667,0.7127,0.99,2026-02-08,ensemble-v1-20260131
2026-02-08,2026-02-08 08:00:00,2026-02-09 04:00:00,2026-02-09 10:00:00,20,1,0.883,0.8587,0.8649,0.7175,0.99,2026-02-08,ensemble-v1-20260131
2026-02-08,2026-02-08 08:00:00,2026-02-09 05:00:00,2026-02-09 11:00:00,21,1,0.9151,0.8759,0.8919,0.7387,0.99,2026-02-08,ensemble-v1-20260131
2026-02-08,2026-02-08 08:00:00,2026-02-09 06:00:00,2026-02-09 12:00:00,22,1,0.9115,0.8804,0.9095,0.7129,0.99,2026-02-08,ensemble-v1-20260131
2026-02-08,2026-02-08 08:00:00,2026-02-09 07:00:00,2026-02-09 13:00:00,23,1,0.9267,0.8923,0.9157,0.7043,0.99,2026-02-08,ensemble-v1-20260131
2026-02-08,2026-02-08 08:00:00,2026-02-09 08:00:00,2026-02-09 14:00:00,24,1,0.8851,0.8592,0.8934,0.7526,0.99,2026-02-08,ensemble-v1-20260131
2026-02-08,2026-02-08 08:00:00,2026-02-09 09:00:00,2026-02-09 15:00:00,25,1,0.9495,0.9328,0.9485,0.7427,0.99,2026-02-08,ensemble-v1-20260131
2026-02-08,2026-02-08 08:00:00,2026-02-09 10:00:00,2026-02-09 16:00:00,26,1,0.8953,0.8872,0.903,0.7554,0.99,2026-02-08,ensemble-v1-20260131
2026-02-08,2026-02-08 08:00:00,2026-02-09 11:00:00,2026-02-09 17:00:00,27,1,0.8365,0.8603,0.844,0.7336,0.99,2026-02-08,ensemble-v1-20260131
2026-02-08,2026-02-08 08:00:00,2026-02-09 12:00:00,2026-02-09 18:00:00,28,1,0.6246,0.6769,0.6819,0.5465,0.99,2026-02-08,ensemble-v1-20260131
2026-02-08,2026-02-08 08:00:00,2026-02-09 13:00:00,2026-02-09 19:00:00,29,1,0.498,0.5256,0.512,0.2681,0.99,2026-02-08,ensemble-v1-20260131
2026-02-08,2026-02-08 08:00:00,2026-02-09 14:00:00,2026-02-09 20:00:00,30,1,0.4177,0.4369,0.4092,0.1305,0.9889,2026-02-08,ensemble-v1-20260131
2026-02-08,2026-02-08 08:00:00,2026-02-09 15:00:00,2026-02-09 21:00:00,31,1,0.2631,0.2707,0.2617,0.0041,0.8351,2026-02-08,ensemble-v1-20260131
2026-02-08,2026-02-08 08:00:00,2026-02-09 16:00:00,2026-02-09 22:00:00,32,1,0.1546,0.1597,0.13,0.0,0.5711,2026-02-08,ensemble-v1-20260131
2026-02-08,2026-02-08 08:00:00,2026-02-09 17:00:00,2026-02-09 23:00:00,33,1,0.1245,0.1409,0.1444,0.0,0.4141,2026-02-08,ensemble-v1-20260131
2026-02-08,2026-02-08 08:00:00,2026-02-09 18:00:00,2026-02-10 00:00:00,34,2,0.1362,0.1371,0.1471,0.0,0.4461,2026-02-08,ensemble-v1-20260131
2026-02-08,2026-02-08 08:00:00,2026-02-09 19:00:00,2026-02-10 01:00:00,35,2,0.167,0.1839,0.176,0.0,0.5796,2026-02-08,ensemble-v1-20260131
2026-02-08,2026-02-08 08:00:00,2026-02-09 20:00:00,2026-02-10 02:00:00,36,2,0.2015,0.2012,0.1887,0.0,0.6497,2026-02-08,ensemble-v1-20260131
2026-02-08,2026-02-08 08:00:00,2026-02-09 21:00:00,2026-02-10 03:00:00,37,2,0.2359,0.2016,0.2277,0.0028,0.7339,2026-02-08,ensemble-v1-20260131
2026-02-08,2026-02-08 08:00:00,2026-02-09 22:00:00,2026-02-10 04:00:00,38,2,0.2396,0.1983,0.2223,0.0013,0.7795,2026-02-08,ensemble-v1-20260131
2026-02-08,2026-02-08 08:00:00,2026-02-09 23:00:00,2026-02-10 05:00:00,39,2,0.1879,0.1626,0.1652,0.0,0.7587,2026-02-08,ensemble-v1-20260131
2026-02-08,2026-02-08 08:00:00,2026-02-10 00:00:00,2026-02-10 06:00:00,40,2,0.1958,0.1893,0.1945,0.0,0.5851,2026-02-08,ensemble-v1-20260131
2026-02-08,2026-02-08 08:00:00,2026-02-10 01:00:00,2026-02-10 07:00:00,41,2,0.3086,0.3073,0.3229,0.0506,0.9339,2026-02-08,ensemble-v1-20260131
2026-02-08,2026-02-08 08:00:00,2026-02-10 02:00:00,2026-02-10 08:00:00,42,2,0.2195,0.1822,0.197,0.0,0.8014,2026-02-08,ensemble-v1-20260131
2026-02-08,2026-02-08 08:00:00,2026-02-10 03:00:00,2026-02-10 09:00:00,43,2,0.2705,0.2595,0.2651,0.0014,0.7711,2026-02-08,ensemble-v1-20260131
2026-02-08,2026-02-08 08:00:00,2026-02-10 04:00:00,2026-02-10 10:00:00,44,2,0.1905,0.1803,0.1781,0.0,0.7339,2026-02-08,ensemble-v1-20260131
2026-02-08,2026-02-08 08:00:00,2026-02-10 05:00:00,2026-02-10 11:00:00,45,2,0.2607,0.2704,0.2817,0.0001,0.7763,2026-02-08,ensemble-v1-20260131
2026-02-08,2026-02-08 08:00:00,2026-02-10 06:00:00,2026-02-10 12:00:00,46,2,0.3748,0.3544,0.3257,0.0237,0.8487,2026-02-08,ensemble-v1-20260131
2026-02-08,2026-02-08 08:00:00,2026-02-10 07:00:00,2026-02-10 13:00:00,47,2,0.4157,0.3861,0.3902,0.0753,0.9464,2026-02-08,ensemble-v1-20260131
2026-02-08,2026-02-08 08:00:00,2026-02-10 08:00:00,2026-02-10 14:00:00,48,2,0.5663,0.5165,0.5299,0.0572,0.938,2026-02-08,ensemble-v1-20260131
2026-02-08,2026-02-08 08:00:00,2026-02-10 09:00:00,2026-02-10 15:00:00,49,2,0.4622,0.4532,0.4571,0.0445,0.9214,2026-02-08,ensemble-v1-20260131
2026-02-08,2026-02-08 08:00:00,2026-02-10 10:00:00,2026-02-10 16:00:00,50,2,0.3663,0.3781,0.3818,0.0276,0.8728,2026-02-08,ensemble-v1-20260131
2026-02-08,2026-02-08 08:00:00,2026-02-10 11:00:00,2026-02-10 17:00:00,51,2,0.3236,0.3249,0.342,0.0,0.7874,2026-02-08,ensemble-v1-20260131
2026-02-08,2026-02-08 08:00:00,2026-02-10 12:00:00,2026-02-10 18:00:00,52,2,0.2232,0.2464,0.2431,0.0059,0.8055,2026-02-08,ensemble-v1-20260131
2026-02-08,2026-02-08 08:00:00,2026-02-10 13:00:00,2026-02-10 19:00:00,53,2,0.2097,0.2066,0.2416,0.0,0.8601,2026-02-08,ensemble-v1-20260131
2026-02-08,2026-02-08 08:00:00,2026-02-10 14:00:00,2026-02-10 20:00:00,54,2,0.3244,0.3624,0.3425,0.0548,0.99,2026-02-08,ensemble-v1-20260131
2026-02-08,2026-02-08 08:00:00,2026-02-10 15:00:00,2026-02-10 21:00:00,55,2,0.5205,0.5553,0.5298,0.1347,0.9797,2026-02-08,ensemble-v1-20260131
2026-02-08,2026-02-08 08:00:00,2026-02-10 16:00:00,2026-02-10 22:00:00,56,2,0.5949,0.5969,0.5913,0.143,0.9278,2026-02-08,ensemble-v1-20260131
2026-02-08,2026-02-08 08:00:00,2026-02-10 17:00:00,2026-02-10 23:00:00,57,2,0.6462,0.6735,0.6441,0.2087,0.9136,2026-02-08,ensemble-v1-20260131
2026-02-09,2026-02-09 08:00:00,2026-02-09 18:00:00,2026-02-10 00:00:00,10,1,0.0829,0.1005,0.0806,0.0,0.3798,2026-02-09,ensemble-v1-20260131
2026-02-09,2026-02-09 08:00:00,2026-02-09 19:00:00,2026-02-10 01:00:00,11,1,0.0808,0.0872,0.0703,0.0,0.2856,2026-02-09,ensemble-v1-20260131
2026-02-09,2026-02-09 08:00:00,2026-02-09 20:00:00,2026-02-10 02:00:00,12,1,0.0765,0.0795,0.0623,0.0,0.2528,2026-02-09,ensemble-v1-20260131
2026-02-09,2026-02-09 08:00:00,2026-02-09 21:00:00,2026-02-10 03:00:00,13,1,0.1018,0.0932,0.0779,0.0,0.2448,2026-02-09,ensemble-v1-20260131
2026-02-09,2026-02-09 08:00:00,2026-02-09 22:00:00,2026-02-10 04:00:00,14,1,0.1038,0.0925,0.1092,0.0,0.4968,2026-02-09,ensemble-v1-20260131
2026-02-09,2026-02-09 08:00:00,2026-02-09 23:00:00,2026-02-10 05:00:00,15,1,0.0737,0.0877,0.0833,0.0,0.4001,2026-02-09,ensemble-v1-20260131
2026-02-09,2026-02-09 08:00:00,2026-02-10 00:00:00,2026-02-10 06:00:00,16,1,0.112,0.1105,0.1181,0.0,0.6256,2026-02-09,ensemble-v1-20260131
2026-02-09,2026-02-09 08:00:00,2026-02-10 01:00:00,2026-02-10 07:00:00,17,1,0.1028,0.0981,0.0877,0.0,0.4853,2026-02-09,ensemble-v1-20260131
2026-02-09,2026-02-09 08:00:00,2026-02-10 02:00:00,2026-02-10 08:00:00,18,1,0.2828,0.2536,0.2741,0.0612,0.7667,2026-02-09,ensemble-v1-20260131
2026-02-09,2026-02-09 08:00:00,2026-02-10 03:00:00,2026-02-10 09:00:00,19,1,0.2862,0.2655,0.3125,0.0,0.8427,2026-02-09,ensemble-v1-20260131
2026-02-09,2026-02-09 08:00:00,2026-02-10 04:00:00,2026-02-10 10:00:00,20,1,0.3378,0.2884,0.295,0.0214,0.8925,2026-02-09,ensemble-v1-20260131
2026-02-09,2026-02-09 08:00:00,2026-02-10 05:00:00,2026-02-10 11:00:00,21,1,0.5112,0.4664,0.4895,0.1646,0.9721,2026-02-09,ensemble-v1-20260131
2026-02-09,2026-02-09 08:00:00,2026-02-10 06:00:00,2026-02-10 12:00:00,22,1,0.5031,0.5177,0.5076,0.0747,0.99,2026-02-09,ensemble-v1-20260131
2026-02-09,2026-02-09 08:00:00,2026-02-10 07:00:00,2026-02-10 13:00:00,23,1,0.6331,0.645,0.652,0.0777,0.99,2026-02-09,ensemble-v1-20260131
2026-02-09,2026-02-09 08:00:00,2026-02-10 08:00:00,2026-02-10 14:00:00,24,1,0.5623,0.5634,0.5876,0.0928,0.9738,2026-02-09,ensemble-v1-20260131
2026-02-09,2026-02-09 08:00:00,2026-02-10 09:00:00,2026-02-10 15:00:00,25,1,0.4888,0.5333,0.5529,0.1028,0.963,2026-02-09,ensemble-v1-20260131
2026-02-09,2026-02-09 08:00:00,2026-02-10 10:00:00,2026-02-10 16:00:00,26,1,0.392,0.4095,0.4052,0.0946,0.9615,2026-02-09,ensemble-v1-20260131
2026-02-09,2026-02-09 08:00:00,2026-02-10 11:00:00,2026-02-10 17:00:00,27,1,0.3592,0.3842,0.376,0.0466,0.9292,2026-02-09,ensemble-v1-20260131
2026-02-09,2026-02-09 08:00:00,2026-02-10 12:00:00,2026-02-10 18:00:00,28,1,0.3242,0.3028,0.3177,0.0065,0.8253,2026-02-09,ensemble-v1-20260131
2026-02-09,2026-02-09 08:00:00,2026-02-10 13:00:00,2026-02-10 19:00:00,29,1,0.2535,0.2428,0.2603,0.0087,0.8268,2026-02-09,ensemble-v1-20260131
2026-02-09,2026-02-09 08:00:00,2026-02-10 14:00:00,2026-02-10 20:00:00,30,1,0.2782,0.2837,0.244,0.022,0.833,2026-02-09,ensemble-v1-20260131
2026-02-09,2026-02-09 08:00:00,2026-02-10 15:00:00,2026-02-10 21:00:00,31,1,0.4348,0.4084,0.427,0.1258,0.9721,2026-02-09,ensemble-v1-20260131
2026-02-09,2026-02-09 08:00:00,2026-02-10 16:00:00,2026-02-10 22:00:00,32,1,0.5742,0.6257,0.5938,0.2496,0.9849,2026-02-09,ensemble-v1-20260131
2026-02-09,2026-02-09 08:00:00,2026-02-10 17:00:00,2026-02-10 23:00:00,33,1,0.7899,0.728,0.7116,0.3901,0.99,2026-02-09,ensemble-v1-20260131
2026-02-09,2026-02-09 08:00:00,2026-02-10 18:00:00,2026-02-11 00:00:00,34,2,0.8871,0.875,0.8094,0.6529,0.99,2026-02-09,ensemble-v1-20260131
2026-02-09,2026-02-09 08:00:00,2026-02-10 19:00:00,2026-02-11 01:00:00,35,2,0.9202,0.9291,0.9229,0.7114,0.99,2026-02-09,ensemble-v1-20260131
2026-02-09,2026-02-09 08:00:00,2026-02-10 20:00:00,2026-02-11 02:00:00,36,2,0.822,0.8202,0.83,0.6676,0.99,2026-02-09,ensemble-v1-20260131
2026-02-09,2026-02-09 08:00:00,2026-02-10 21:00:00,2026-02-11 03:00:00,37,2,0.7526,0.7264,0.7418,0.5951,0.99,2026-02-09,ensemble-v1-20260131
2026-02-09,2026-02-09 08:00:00,2026-02-10 22:00:00,2026-02-11 04:00:00,38,2,0.5891,0.5723,0.6025,0.3799,0.99,2026-02-09,ensemble-v1-20260131
2026-02-09,2026-02-09 08:00:00,2026-02-10 23:00:00,2026-02-11 05:00:00,39,2,0.508,0.4741,0.5094,0.2685,0.99,2026-02-09,ensemble-v1-20260131
2026-02-09,2026-02-09 08:00:00,2026-02-11 00:00:00,2026-02-11 06:00:00,40,2,0.2756,0.2627,0.2777,0.0402,0.9281,2026-02-09,ensemble-v1-20260131
2026-02-09,2026-02-09 08:00:00,2026-02-11 01:00:00,2026-02-11 07:00:00,41,2,0.115,0.0921,0.0897,0.0,0.4295,2026-02-09,ensemble-v1-20260131
2026-02-09,2026-02-09 08:00:00,2026-02-11 02:00:00,2026-02-11 08:00:00,42,2,0.0651,0.0588,0.0501,0.0,0.3966,2026-02-09,ensemble-v1-20260131
2026-02-09,2026-02-09 08:00:00,2026-02-11 03:00:00,2026-02-11 09:00:00,43,2,0.0676,0.0559,0.0553,0.0,0.3943,2026-02-09,ensemble-v1-20260131
2026-02-09,2026-02-09 08:00:00,2026-02-11 04:00:00,2026-02-11 10:00:00,44,2,0.0876,0.0676,0.0627,0.0,0.3454,2026-02-09,ensemble-v1-20260131
2026-02-09,2026-02-09 08:00:00,2026-02-11 05:00:00,2026-02-11 11:00:00,45,2,0.0944,0.0647,0.0755,0.0,0.4043,2026-02-09,ensemble-v1-20260131
2026-02-09,2026-02-09 08:00:00,2026-02-11 06:00:00,2026-02-11 12:00:00,46,2,0.1166,0.117,0.1309,0.0,0.6284,2026-02-09,ensemble-v1-20260131
2026-02-09,2026-02-09 08:00:00,2026-02-11 07:00:00,2026-02-11 13:00:00,47,2,0.1731,0.1814,0.1926,0.0067,0.8091,2026-02-09,ensemble-v1-20260131
2026-02-09,2026-02-09 08:00:00,2026-02-11 08:00:00,2026-02-11 14:00:00,48,2,0.4207,0.3918,0.4035,0.0714,0.99,2026-02-09,ensemble-v1-20260131
2026-02-09,2026-02-09 08:00:00,2026-02-11 09:00:00,2026-02-11 15:00:00,49,2,0.7005,0.6891,0.6774,0.1747,0.99,2026-02-09,ensemble-v1-20260131
2026-02-09,2026-02-09 08:00:00,2026-02-11 10:00:00,2026-02-11 16:00:00,50,2,0.796,0.8381,0.785,0.3285,0.99,2026-02-09,ensemble-v1-20260131
2026-02-09,2026-02-09 08:00:00,2026-02-11 11:00:00,2026-02-11 17:00:00,51,2,0.9552,0.9526,0.968,0.828,0.99,2026-02-09,ensemble-v1-20260131
2026-02-09,2026-02-09 08:00:00,2026-02-11 12:00:00,2026-02-11 18:00:00,52,2,0.9873,0.9776,0.9889,0.9228,0.99,2026-02-09,ensemble-v1-20260131
2026-02-09,2026-02-09 08:00:00,2026-02-11 13:00:00,2026-02-11 19:00:00,53,2,0.9916,0.9723,0.9849,0.9553,0.99,2026-02-09,ensemble-v1-20260131
2026-02-09,2026-02-09 08:00:00,2026-02-11 14:00:00,2026-02-11 20:00:00,54,2,0.9702,0.9586,0.9615,0.8039,0.99,2026-02-09,ensemble-v1-20260131
2026-02-09,2026-02-09 08:00:00,2026-02-11 15:00:00,2026-02-11 21:00:00,55,2,0.9079,0.9051,0.8881,0.5559,0.99,2026-02-09,ensemble-v1-20260131
2026-02-09,2026-02-09 08:00:00,2026-02-11 16:00:00,2026-02-11 22:00:00,56,2,0.8223,0.8258,0.8157,0.4996,0.99,2026-02-09,ensemble-v1-20260131
2026-02-09,2026-02-09 08:00:00,2026-02-11 17:00:00,2026-02-11 23:00:00,57,2,0.7043,0.6719,0.709,0.2961,0.9634,2026-02-09,ensemble-v1-20260131
2026-02-10,2026-02-10 08:00:00,2026-02-10 18:00:00,2026-02-11 00:00:00,10,1,0.9721,0.9334,0.9552,0.7708,0.99,2026-02-10,ensemble-v1-20260131
2026-02-10,2026-02-10 08:00:00,2026-02-10 19:00:00,2026-02-11 01:00:00,11,1,0.9717,0.9338,0.9481,0.7392,0.99,2026-02-10,ensemble-v1-20260131
2026-02-10,2026-02-10 08:00:00,2026-02-10 20:00:00,2026-02-11 02:00:00,12,1,0.8973,0.855,0.882,0.6843,0.99,2026-02-10,ensemble-v1-20260131
2026-02-10,2026-02-10 08:00:00,2026-02-10 21:00:00,2026-02-11 03:00:00,13,1,0.7386,0.7153,0.7581,0.635,0.99,2026-02-10,ensemble-v1-20260131
2026-02-10,2026-02-10 08:00:00,2026-02-10 22:00:00,2026-02-11 04:00:00,14,1,0.7463,0.7218,0.736,0.6126,0.99,2026-02-10,ensemble-v1-20260131
2026-02-10,2026-02-10 08:00:00,2026-02-10 23:00:00,2026-02-11 05:00:00,15,1,0.6377,0.5971,0.6377,0.4103,0.99,2026-02-10,ensemble-v1-20260131
2026-02-10,2026-02-10 08:00:00,2026-02-11 00:00:00,2026-02-11 06:00:00,16,1,0.2809,0.293,0.3081,0.0657,0.8659,2026-02-10,ensemble-v1-20260131
2026-02-10,2026-02-10 08:00:00,2026-02-11 01:00:00,2026-02-11 07:00:00,17,1,0.0836,0.092,0.0918,0.0,0.4755,2026-02-10,ensemble-v1-20260131
2026-02-10,2026-02-10 08:00:00,2026-02-11 02:00:00,2026-02-11 08:00:00,18,1,0.0543,0.0693,0.0544,0.0,0.3787,2026-02-10,ensemble-v1-20260131
2026-02-10,2026-02-10 08:00:00,2026-02-11 03:00:00,2026-02-11 09:00:00,19,1,0.1014,0.0941,0.0945,0.0,0.3744,2026-02-10,ensemble-v1-20260131
2026-02-10,2026-02-10 08:00:00,2026-02-11 04:00:00,2026-02-11 10:00:00,20,1,0.0771,0.0726,0.0711,0.0,0.4123,2026-02-10,ensemble-v1-20260131
2026-02-10,2026-02-10 08:00:00,2026-02-11 05:00:00,2026-02-11 11:00:00,21,1,0.1302,0.1256,0.1192,0.0,0.5369,2026-02-10,ensemble-v1-20260131
2026-02-10,2026-02-10 08:00:00,2026-02-11 06:00:00,2026-02-11 12:00:00,22,1,0.1544,0.1649,0.2037,0.0305,0.7414,2026-02-10,ensemble-v1-20260131
2026-02-10,2026-02-10 08:00:00,2026-02-11 07:00:00,2026-02-11 13:00:00,23,1,0.2361,0.2441,0.2697,0.1211,0.865,2026-02-10,ensemble-v1-20260131
2026-02-10,2026-02-10 08:00:00,2026-02-11 08:00:00,2026-02-11 14:00:00,24,1,0.3042,0.2916,0.3215,0.1171,0.9627,2026-02-10,ensemble-v1-20260131
2026-02-10,2026-02-10 08:00:00,2026-02-11 09:00:00,2026-02-11 15:00:00,25,1,0.6048,0.5766,0.5893,0.0838,0.99,2026-02-10,ensemble-v1-20260131
2026-02-10,2026-02-10 08:00:00,2026-02-11 10:00:00,2026-02-11 16:00:00,26,1,0.8833,0.8592,0.8859,0.5001,0.99,2026-02-10,ensemble-v1-20260131
2026-02-10,2026-02-10 08:00:00,2026-02-11 11:00:00,2026-02-11 17:00:00,27,1,0.9152,0.9321,0.9354,0.405,0.99,2026-02-10,ensemble-v1-20260131
2026-02-10,2026-02-10 08:00:00,2026-02-11 12:00:00,2026-02-11 18:00:00,28,1,0.9695,0.9487,0.9638,0.761,0.99,2026-02-10,ensemble-v1-20260131
2026-02-10,2026-02-10 08:00:00,2026-02-11 13:00:00,2026-02-11 19:00:00,29,1,0.9593,0.9244,0.9611,0.8193,0.99,2026-02-10,ensemble-v1-20260131
2026-02-10,2026-02-10 08:00:00,2026-02-11 14:00:00,2026-02-11 20:00:00,30,1,0.9843,0.9617,0.9733,0.8185,0.99,2026-02-10,ensemble-v1-20260131
2026-02-10,2026-02-10 08:00:00,2026-02-11 15:00:00,2026-02-11 21:00:00,31,1,0.9555,0.9438,0.9637,0.8168,0.99,2026-02-10,ensemble-v1-20260131
2026-02-10,2026-02-10 08:00:00,2026-02-11 16:00:00,2026-02-11 22:00:00,32,1,0.8861,0.8835,0.8775,0.8248,0.99,2026-02-10,ensemble-v1-20260131
2026-02-10,2026-02-10 08:00:00,2026-02-11 17:00:00,2026-02-11 23:00:00,33,1,0.8083,0.7841,0.7959,0.7356,0.99,2026-02-10,ensemble-v1-20260131
2026-02-10,2026-02-10 08:00:00,2026-02-11 18:00:00,2026-02-12 00:00:00,34,2,0.7777,0.7671,0.7767,0.6046,0.99,2026-02-10,ensemble-v1-20260131
2026-02-10,2026-02-10 08:00:00,2026-02-11 19:00:00,2026-02-12 01:00:00,35,2,0.7626,0.7457,0.7479,0.4338,0.99,2026-02-10,ensemble-v1-20260131
2026-02-10,2026-02-10 08:00:00,2026-02-11 20:00:00,2026-02-12 02:00:00,36,2,0.6234,0.6466,0.6237,0.3531,0.989,2026-02-10,ensemble-v1-20260131
2026-02-10,2026-02-10 08:00:00,2026-02-11 21:00:00,2026-02-12 03:00:00,37,2,0.626,0.6052,0.6285,0.3254,0.9775,2026-02-10,ensemble-v1-20260131
2026-02-10,2026-02-10 08:00:00,2026-02-11 22:00:00,2026-02-12 04:00:00,38,2,0.5744,0.5597,0.5558,0.2813,0.9664,2026-02-10,ensemble-v1-20260131
2026-02-10,2026-02-10 08:00:00,2026-02-11 23:00:00,2026-02-12 05:00:00,39,2,0.5055,0.5089,0.5319,0.2099,0.9376,2026-02-10,ensemble-v1-20260131
2026-02-10,2026-02-10 08:00:00,2026-02-12 00:00:00,2026-02-12 06:00:00,40,2,0.3892,0.3853,0.3916,0.1181,0.8349,2026-02-10,ensemble-v1-20260131
2026-02-10,2026-02-10 08:00:00,2026-02-12 01:00:00,2026-02-12 07:00:00,41,2,0.238,0.2643,0.248,0.0217,0.681,2026-02-10,ensemble-v1-20260131
2026-02-10,2026-02-10 08:00:00,2026-02-12 02:00:00,2026-02-12 08:00:00,42,2,0.1053,0.1052,0.1155,0.0,0.3364,2026-02-10,ensemble-v1-20260131
2026-02-10,2026-02-10 08:00:00,2026-02-12 03:00:00,2026-02-12 09:00:00,43,2,0.0802,0.0587,0.0799,0.0,0.2679,2026-02-10,ensemble-v1-20260131
2026-02-10,2026-02-10 08:00:00,2026-02-12 04:00:00,2026-02-12 10:00:00,44,2,0.0616,0.0506,0.0558,0.0,0.225,2026-02-10,ensemble-v1-20260131
2026-02-10,2026-02-10 08:00:00,2026-02-12 05:00:00,2026-02-12 11:00:00,45,2,0.0212,0.0447,0.0404,0.0,0.199,2026-02-10,ensemble-v1-20260131
2026-02-10,2026-02-10 08:00:00,2026-02-12 06:00:00,2026-02-12 12:00:00,46,2,0.044,0.0312,0.0297,0.0,0.1424,2026-02-10,ensemble-v1-20260131
2026-02-10,2026-02-10 08:00:00,2026-02-12 07:00:00,2026-02-12 13:00:00,47,2,0.045,0.0346,0.0353,0.0,0.1896,2026-02-10,ensemble-v1-20260131
2026-02-10,2026-02-10 08:00:00,2026-02-12 08:00:00,2026-02-12 14:00:00,48,2,0.0484,0.0494,0.0392,0.0,0.2037,2026-02-10,ensemble-v1-20260131
2026-02-10,2026-02-10 08:00:00,2026-02-12 09:00:00,2026-02-12 15:00:00,49,2,0.0512,0.0483,0.0435,0.0,0.2445,2026-02-10,ensemble-v1-20260131
2026-02-10,2026-02-10 08:00:00,2026-02-12 10:00:00,2026-02-12 16:00:00,50,2,0.0601,0.056,0.0603,0.0,0.3328,2026-02-10,ensemble-v1-20260131
2026-02-10,2026-02-10 08:00:00,2026-02-12 11:00:00,2026-02-12 17:00:00,51,2,0.075,0.0991,0.0942,0.0,0.4053,2026-02-10,ensemble-v1-20260131
2026-02-10,2026-02-10 08:00:00,2026-02-12 12:00:00,2026-02-12 18:00:00,52,2,0.1756,0.158,0.2097,0.0085,0.5572,2026-02-10,ensemble-v1-20260131
2026-02-10,2026-02-10 08:00:00,2026-02-12 13:00:00,2026-02-12 19:00:00,53,2,0.1981,0.1853,0.1813,0.0113,0.5363,2026-02-10,ensemble-v1-20260131
2026-02-10,2026-02-10 08:00:00,2026-02-12 14:00:00,2026-02-12 20:00:00,54,2,0.1029,0.0985,0.1229,0.0025,0.4483,2026-02-10,ensemble-v1-20260131
2026-02-10,2026-02-10 08:00:00,2026-02-12 15:00:00,2026-02-12 21:00:00,55,2,0.0913,0.09,0.0986,0.0,0.4362,2026-02-10,ensemble-v1-20260131
2026-02-10,2026-02-10 08:00:00,2026-02-12 16:00:00,2026-02-12 22:00:00,56,2,0.0822,0.0705,0.0847,0.0,0.4115,2026-02-10,ensemble-v1-20260131
2026-02-10,2026-02-10 08:00:00,2026-02-12 17:00:00,2026-02-12 23:00:00,57,2,0.1016,0.1037,0.106,0.0,0.4088,2026-02-10,ensemble-v1-20260131
2026-02-11,2026-02-11 08:00:00,2026-02-11 18:00:00,2026-02-12 00:00:00,10,1,0.6386,0.6044,0.6455,0.2458,0.9426,2026-02-11,ensemble-v1-20260131
2026-02-11,2026-02-11 08:00:00,2026-02-11 19:00:00,2026-02-12 01:00:00,11,1,0.5104,0.4775,0.5247,0.1943,0.9048,2026-02-11,ensemble-v1-20260131
2026-02-11,2026-02-11 08:00:00,2026-02-11 20:00:00,2026-02-12 02:00:00,12,1,0.5031,0.4827,0.4901,0.2269,0.9262,2026-02-11,ensemble-v1-20260131
2026-02-11,2026-02-11 08:00:00,2026-02-11 21:00:00,2026-02-12 03:00:00,13,1,0.4759,0.4656,0.4665,0.1969,0.9078,2026-02-11,ensemble-v1-20260131
2026-02-11,2026-02-11 08:00:00,2026-02-11 22:00:00,2026-02-12 04:00:00,14,1,0.3894,0.3767,0.3827,0.0666,0.7934,2026-02-11,ensemble-v1-20260131
2026-02-11,2026-02-11 08:00:00,2026-02-11 23:00:00,2026-02-12 05:00:00,15,1,0.2949,0.2805,0.2969,0.0328,0.6524,2026-02-11,ensemble-v1-20260131
2026-02-11,2026-02-11 08:00:00,2026-02-12 00:00:00,2026-02-12 06:00:00,16,1,0.1498,0.1537,0.1596,0.0,0.3051,2026-02-11,ensemble-v1-20260131
2026-02-11,2026-02-11 08:00:00,2026-02-12 01:00:00,2026-02-12 07:00:00,17,1,0.086,0.0721,0.0941,0.0,0.1755,2026-02-11,ensemble-v1-20260131
2026-02-11,2026-02-11 08:00:00,2026-02-12 02:00:00,2026-02-12 08:00:00,18,1,0.0641,0.0532,0.0601,0.0,0.1157,2026-02-11,ensemble-v1-20260131
2026-02-11,2026-02-11 08:00:00,2026-02-12 03:00:00,2026-02-12 09:00:00,19,1,0.047,0.0488,0.0411,0.0,0.0953,2026-02-11,ensemble-v1-20260131
2026-02-11,2026-02-11 08:00:00,2026-02-12 04:00:00,2026-02-12 10:00:00,20,1,0.0291,0.0339,0.0269,0.0,0.0531,2026-02-11,ensemble-v1-20260131
2026-02-11,2026-02-11 08:00:00,2026-02-12 05:00:00,2026-02-12 11:00:00,21,1,0.0359,0.0173,0.0266,0.0,0.1466,2026-02-11,ensemble-v1-20260131
2026-02-11,2026-02-11 08:00:00,2026-02-12 06:00:00,2026-02-12 12:00:00,22,1,0.028,0.0154,0.0266,0.0,0.067,2026-02-11,ensemble-v1-20260131
2026-02-11,2026-02-11 08:00:00,2026-02-12 07:00:00,2026-02-12 13:00:00,23,1,0.0229,0.0137,0.0243,0.0,0.0681,2026-02-11,ensemble-v1-20260131
2026-02-11,2026-02-11 08:00:00,2026-02-12 08:00:00,2026-02-12 14:00:00,24,1,0.0229,0.0162,0.0249,0.0,0.0907,2026-02-11,ensemble-v1-20260131
2026-02-11,2026-02-11 08:00:00,2026-02-12 09:00:00,2026-02-12 15:00:00,25,1,0.0259,0.0182,0.0265,0.0,0.0979,2026-02-11,ensemble-v1-20260131
2026-02-11,2026-02-11 08:00:00,2026-02-12 10:00:00,2026-02-12 16:00:00,26,1,0.031,0.0281,0.0323,0.0,0.1152,2026-02-11,ensemble-v1-20260131
2026-02-11,2026-02-11 08:00:00,2026-02-12 11:00:00,2026-02-12 17:00:00,27,1,0.0779,0.062,0.072,0.0,0.1612,2026-02-11,ensemble-v1-20260131
2026-02-11,2026-02-11 08:00:00,2026-02-12 12:00:00,2026-02-12 18:00:00,28,1,0.1136,0.1067,0.1192,0.0,0.1789,2026-02-11,ensemble-v1-20260131
2026-02-11,2026-02-11 08:00:00,2026-02-12 13:00:00,2026-02-12 19:00:00,29,1,0.1494,0.1467,0.1485,0.0,0.2954,2026-02-11,ensemble-v1-20260131
2026-02-11,2026-02-11 08:00:00,2026-02-12 14:00:00,2026-02-12 20:00:00,30,1,0.1712,0.1613,0.1727,0.0,0.2904,2026-02-11,ensemble-v1-20260131
2026-02-11,2026-02-11 08:00:00,2026-02-12 15:00:00,2026-02-12 21:00:00,31,1,0.1752,0.1672,0.1761,0.0087,0.2733,2026-02-11,ensemble-v1-20260131
2026-02-11,2026-02-11 08:00:00,2026-02-12 16:00:00,2026-02-12 22:00:00,32,1,0.158,0.1443,0.1592,0.0,0.4441,2026-02-11,ensemble-v1-20260131
2026-02-11,2026-02-11 08:00:00,2026-02-12 17:00:00,2026-02-12 23:00:00,33,1,0.0785,0.0899,0.1018,0.0,0.3853,2026-02-11,ensemble-v1-20260131
2026-02-11,2026-02-11 08:00:00,2026-02-12 18:00:00,2026-02-13 00:00:00,34,2,0.0618,0.0574,0.0594,0.0,0.3337,2026-02-11,ensemble-v1-20260131
2026-02-11,2026-02-11 08:00:00,2026-02-12 19:00:00,2026-02-13 01:00:00,35,2,0.0621,0.0673,0.0599,0.0,0.3712,2026-02-11,ensemble-v1-20260131
2026-02-11,2026-02-11 08:00:00,2026-02-12 20:00:00,2026-02-13 02:00:00,36,2,0.0415,0.0426,0.0394,0.0,0.3394,2026-02-11,ensemble-v1-20260131
2026-02-11,2026-02-11 08:00:00,2026-02-12 21:00:00,2026-02-13 03:00:00,37,2,0.0332,0.0334,0.0368,0.0,0.3174,2026-02-11,ensemble-v1-20260131
2026-02-11,2026-02-11 08:00:00,2026-02-12 22:00:00,2026-02-13 04:00:00,38,2,0.032,0.0264,0.0357,0.0,0.2144,2026-02-11,ensemble-v1-20260131
2026-02-11,2026-02-11 08:00:00,2026-02-12 23:00:00,2026-02-13 05:00:00,39,2,0.025,0.0254,0.0259,0.0,0.1715,2026-02-11,ensemble-v1-20260131
2026-02-11,2026-02-11 08:00:00,2026-02-13 00:00:00,2026-02-13 06:00:00,40,2,0.0258,0.0271,0.0322,0.0,0.1561,2026-02-11,ensemble-v1-20260131
2026-02-11,2026-02-11 08:00:00,2026-02-13 01:00:00,2026-02-13 07:00:00,41,2,0.0298,0.0271,0.0283,0.0,0.1535,2026-02-11,ensemble-v1-20260131
2026-02-11,2026-02-11 08:00:00,2026-02-13 02:00:00,2026-02-13 08:00:00,42,2,0.0407,0.0396,0.0394,0.0,0.1029,2026-02-11,ensemble-v1-20260131
2026-02-11,2026-02-11 08:00:00,2026-02-13 03:00:00,2026-02-13 09:00:00,43,2,0.0444,0.0385,0.0455,0.0,0.1298,2026-02-11,ensemble-v1-20260131
2026-02-11,2026-02-11 08:00:00,2026-02-13 04:00:00,2026-02-13 10:00:00,44,2,0.0372,0.0419,0.0393,0.0,0.1572,2026-02-11,ensemble-v1-20260131
2026-02-11,2026-02-11 08:00:00,2026-02-13 05:00:00,2026-02-13 11:00:00,45,2,0.0279,0.0283,0.0292,0.0,0.0897,2026-02-11,ensemble-v1-20260131
2026-02-11,2026-02-11 08:00:00,2026-02-13 06:00:00,2026-02-13 12:00:00,46,2,0.0319,0.0326,0.0363,0.0,0.2458,2026-02-11,ensemble-v1-20260131
2026-02-11,2026-02-11 08:00:00,2026-02-13 07:00:00,2026-02-13 13:00:00,47,2,0.0383,0.0285,0.037,0.0,0.2306,2026-02-11,ensemble-v1-20260131
2026-02-11,2026-02-11 08:00:00,2026-02-13 08:00:00,2026-02-13 14:00:00,48,2,0.0388,0.0395,0.0397,0.0,0.2735,2026-02-11,ensemble-v1-20260131
2026-02-11,2026-02-11 08:00:00,2026-02-13 09:00:00,2026-02-13 15:00:00,49,2,0.0886,0.079,0.085,0.0,0.4012,2026-02-11,ensemble-v1-20260131
2026-02-11,2026-02-11 08:00:00,2026-02-13 10:00:00,2026-02-13 16:00:00,50,2,0.067,0.0577,0.0761,0.0,0.352,2026-02-11,ensemble-v1-20260131
2026-02-11,2026-02-11 08:00:00,2026-02-13 11:00:00,2026-02-13 17:00:00,51,2,0.0961,0.0826,0.0906,0.0,0.4868,2026-02-11,ensemble-v1-20260131
2026-02-11,2026-02-11 08:00:00,2026-02-13 12:00:00,2026-02-13 18:00:00,52,2,0.1389,0.1505,0.1594,0.0,0.5926,2026-02-11,ensemble-v1-20260131
2026-02-11,2026-02-11 08:00:00,2026-02-13 13:00:00,2026-02-13 19:00:00,53,2,0.1733,0.1755,0.1787,0.0,0.5414,2026-02-11,ensemble-v1-20260131
2026-02-11,2026-02-11 08:00:00,2026-02-13 14:00:00,2026-02-13 20:00:00,54,2,0.1379,0.1276,0.1493,0.0,0.4816,2026-02-11,ensemble-v1-20260131
2026-02-11,2026-02-11 08:00:00,2026-02-13 15:00:00,2026-02-13 21:00:00,55,2,0.1661,0.1481,0.1533,0.0,0.5056,2026-02-11,ensemble-v1-20260131
2026-02-11,2026-02-11 08:00:00,2026-02-13 16:00:00,2026-02-13 22:00:00,56,2,0.2089,0.1959,0.2168,0.0,0.639,2026-02-11,ensemble-v1-20260131
2026-02-11,2026-02-11 08:00:00,2026-02-13 17:00:00,2026-02-13 23:00:00,57,2,0.2708,0.2346,0.276,0.0091,0.657,2026-02-11,ensemble-v1-20260131
2026-02-12,2026-02-12 08:00:00,2026-02-12 18:00:00,2026-02-13 00:00:00,10,1,0.0212,0.0299,0.0228,0.0,0.0645,2026-02-12,ensemble-v1-20260131
2026-02-12,2026-02-12 08:00:00,2026-02-12 19:00:00,2026-02-13 01:00:00,11,1,0.0195,0.0322,0.0198,0.0,0.0593,2026-02-12,ensemble-v1-20260131
2026-02-12,2026-02-12 08:00:00,2026-02-12 20:00:00,2026-02-13 02:00:00,12,1,0.0176,0.0222,0.0206,0.0,0.0623,2026-02-12,ensemble-v1-20260131
2026-02-12,2026-02-12 08:00:00,2026-02-12 21:00:00,2026-02-13 03:00:00,13,1,0.0269,0.0301,0.012,0.0,0.0308,2026-02-12,ensemble-v1-20260131
2026-02-12,2026-02-12 08:00:00,2026-02-12 22:00:00,2026-02-13 04:00:00,14,1,0.0199,0.023,0.0142,0.0,0.0223,2026-02-12,ensemble-v1-20260131
2026-02-12,2026-02-12 08:00:00,2026-02-12 23:00:00,2026-02-13 05:00:00,15,1,0.0238,0.0364,0.0238,0.0,0.0487,2026-02-12,ensemble-v1-20260131
2026-02-12,2026-02-12 08:00:00,2026-02-13 00:00:00,2026-02-13 06:00:00,16,1,0.0206,0.0364,0.0269,0.0,0.0967,2026-02-12,ensemble-v1-20260131
2026-02-12,2026-02-12 08:00:00,2026-02-13 01:00:00,2026-02-13 07:00:00,17,1,0.0211,0.0325,0.0155,0.0,0.0729,2026-02-12,ensemble-v1-20260131
2026-02-12,2026-02-12 08:00:00,2026-02-13 02:00:00,2026-02-13 08:00:00,18,1,0.0348,0.035,0.0274,0.0,0.0856,2026-02-12,ensemble-v1-20260131
2026-02-12,2026-02-12 08:00:00,2026-02-13 03:00:00,2026-02-13 09:00:00,19,1,0.0271,0.0332,0.026,0.0,0.0921,2026-02-12,ensemble-v1-20260131
2026-02-12,2026-02-12 08:00:00,2026-02-13 04:00:00,2026-02-13 10:00:00,20,1,0.0282,0.0328,0.0279,0.0,0.1158,2026-02-12,ensemble-v1-20260131
2026-02-12,2026-02-12 08:00:00,2026-02-13 05:00:00,2026-02-13 11:00:00,21,1,0.0363,0.0552,0.0416,0.0,0.1307,2026-02-12,ensemble-v1-20260131
2026-02-12,2026-02-12 08:00:00,2026-02-13 06:00:00,2026-02-13 12:00:00,22,1,0.0318,0.0259,0.0272,0.0,0.0272,2026-02-12,ensemble-v1-20260131
2026-02-12,2026-02-12 08:00:00,2026-02-13 07:00:00,2026-02-13 13:00:00,23,1,0.0339,0.0331,0.0349,0.0,0.0551,2026-02-12,ensemble-v1-20260131
2026-02-12,2026-02-12 08:00:00,2026-02-13 08:00:00,2026-02-13 14:00:00,24,1,0.0372,0.0399,0.0422,0.0,0.0545,2026-02-12,ensemble-v1-20260131
2026-02-12,2026-02-12 08:00:00,2026-02-13 09:00:00,2026-02-13 15:00:00,25,1,0.0372,0.0316,0.0337,0.0,0.0834,2026-02-12,ensemble-v1-20260131
2026-02-12,2026-02-12 08:00:00,2026-02-13 10:00:00,2026-02-13 16:00:00,26,1,0.0479,0.0337,0.0327,0.0,0.1188,2026-02-12,ensemble-v1-20260131
2026-02-12,2026-02-12 08:00:00,2026-02-13 11:00:00,2026-02-13 17:00:00,27,1,0.0392,0.0389,0.0499,0.0,0.1625,2026-02-12,ensemble-v1-20260131
2026-02-12,2026-02-12 08:00:00,2026-02-13 12:00:00,2026-02-13 18:00:00,28,1,0.0618,0.052,0.064,0.0,0.2847,2026-02-12,ensemble-v1-20260131
2026-02-12,2026-02-12 08:00:00,2026-02-13 13:00:00,2026-02-13 19:00:00,29,1,0.0994,0.1096,0.1205,0.0,0.407,2026-02-12,ensemble-v1-20260131
2026-02-12,2026-02-12 08:00:00,2026-02-13 14:00:00,2026-02-13 20:00:00,30,1,0.1828,0.1572,0.1999,0.0,0.4837,2026-02-12,ensemble-v1-20260131
2026-02-12,2026-02-12 08:00:00,2026-02-13 15:00:00,2026-02-13 21:00:00,31,1,0.2491,0.2097,0.2458,0.0067,0.6263,2026-02-12,ensemble-v1-20260131
2026-02-12,2026-02-12 08:00:00,2026-02-13 16:00:00,2026-02-13 22:00:00,32,1,0.3556,0.3171,0.3575,0.0319,0.706,2026-02-12,ensemble-v1-20260131
2026-02-12,2026-02-12 08:00:00,2026-02-13 17:00:00,2026-02-13 23:00:00,33,1,0.4217,0.3633,0.3734,0.0823,0.8153,2026-02-12,ensemble-v1-20260131
2026-02-12,2026-02-12 08:00:00,2026-02-13 18:00:00,2026-02-14 00:00:00,34,2,0.5933,0.548,0.5618,0.3095,0.9518,2026-02-12,ensemble-v1-20260131
2026-02-12,2026-02-12 08:00:00,2026-02-13 19:00:00,2026-02-14 01:00:00,35,2,0.6507,0.6332,0.6583,0.4116,0.9671,2026-02-12,ensemble-v1-20260131
2026-02-12,2026-02-12 08:00:00,2026-02-13 20:00:00,2026-02-14 02:00:00,36,2,0.6672,0.6365,0.67,0.3891,0.9677,2026-02-12,ensemble-v1-20260131
2026-02-12,2026-02-12 08:00:00,2026-02-13 21:00:00,2026-02-14 03:00:00,37,2,0.7521,0.7035,0.7352,0.4584,0.9609,2026-02-12,ensemble-v1-20260131
2026-02-12,2026-02-12 08:00:00,2026-02-13 22:00:00,2026-02-14 04:00:00,38,2,0.7567,0.6757,0.7359,0.4142,0.9532,2026-02-12,ensemble-v1-20260131
2026-02-12,2026-02-12 08:00:00,2026-02-13 23:00:00,2026-02-14 05:00:00,39,2,0.5881,0.5423,0.5865,0.2469,0.9119,2026-02-12,ensemble-v1-20260131
2026-02-12,2026-02-12 08:00:00,2026-02-14 00:00:00,2026-02-14 06:00:00,40,2,0.352,0.2874,0.3388,0.0812,0.8555,2026-02-12,ensemble-v1-20260131
2026-02-12,2026-02-12 08:00:00,2026-02-14 01:00:00,2026-02-14 07:00:00,41,2,0.1793,0.16,0.1959,0.0,0.6693,2026-02-12,ensemble-v1-20260131
2026-02-12,2026-02-12 08:00:00,2026-02-14 02:00:00,2026-02-14 08:00:00,42,2,0.1477,0.1141,0.1534,0.0,0.5885,2026-02-12,ensemble-v1-20260131
2026-02-12,2026-02-12 08:00:00,2026-02-14 03:00:00,2026-02-14 09:00:00,43,2,0.1109,0.0864,0.1178,0.0,0.487,2026-02-12,ensemble-v1-20260131
2026-02-12,2026-02-12 08:00:00,2026-02-14 04:00:00,2026-02-14 10:00:00,44,2,0.114,0.0963,0.116,0.0,0.5423,2026-02-12,ensemble-v1-20260131
2026-02-12,2026-02-12 08:00:00,2026-02-14 05:00:00,2026-02-14 11:00:00,45,2,0.1167,0.1077,0.1304,0.0,0.5658,2026-02-12,ensemble-v1-20260131
2026-02-12,2026-02-12 08:00:00,2026-02-14 06:00:00,2026-02-14 12:00:00,46,2,0.114,0.117,0.1328,0.0079,0.6495,2026-02-12,ensemble-v1-20260131
2026-02-12,2026-02-12 08:00:00,2026-02-14 07:00:00,2026-02-14 13:00:00,47,2,0.1068,0.1217,0.1364,0.0188,0.6021,2026-02-12,ensemble-v1-20260131
2026-02-12,2026-02-12 08:00:00,2026-02-14 08:00:00,2026-02-14 14:00:00,48,2,0.112,0.1122,0.1045,0.0118,0.5183,2026-02-12,ensemble-v1-20260131
2026-02-12,2026-02-12 08:00:00,2026-02-14 09:00:00,2026-02-14 15:00:00,49,2,0.1181,0.1092,0.1101,0.0067,0.3918,2026-02-12,ensemble-v1-20260131
2026-02-12,2026-02-12 08:00:00,2026-02-14 10:00:00,2026-02-14 16:00:00,50,2,0.1244,0.1073,0.1095,0.0,0.3588,2026-02-12,ensemble-v1-20260131
2026-02-12,2026-02-12 08:00:00,2026-02-14 11:00:00,2026-02-14 17:00:00,51,2,0.0906,0.0821,0.1012,0.0,0.32,2026-02-12,ensemble-v1-20260131
2026-02-12,2026-02-12 08:00:00,2026-02-14 12:00:00,2026-02-14 18:00:00,52,2,0.2026,0.1988,0.2283,0.0048,0.6742,2026-02-12,ensemble-v1-20260131
2026-02-12,2026-02-12 08:00:00,2026-02-14 13:00:00,2026-02-14 19:00:00,53,2,0.1865,0.1539,0.186,0.0,0.58,2026-02-12,ensemble-v1-20260131
2026-02-12,2026-02-12 08:00:00,2026-02-14 14:00:00,2026-02-14 20:00:00,54,2,0.1565,0.1578,0.1629,0.0,0.3949,2026-02-12,ensemble-v1-20260131
2026-02-12,2026-02-12 08:00:00,2026-02-14 15:00:00,2026-02-14 21:00:00,55,2,0.1581,0.1369,0.1496,0.0,0.3613,2026-02-12,ensemble-v1-20260131
2026-02-12,2026-02-12 08:00:00,2026-02-14 16:00:00,2026-02-14 22:00:00,56,2,0.1689,0.1626,0.151,0.0,0.3811,2026-02-12,ensemble-v1-20260131
2026-02-12,2026-02-12 08:00:00,2026-02-14 17:00:00,2026-02-14 23:00:00,57,2,0.1349,0.1358,0.126,0.0,0.4428,2026-02-12,ensemble-v1-20260131
2026-02-13,2026-02-13 08:00:00,2026-02-13 18:00:00,2026-02-14 00:00:00,10,1,0.6331,0.6702,0.6379,0.4636,0.9802,2026-02-13,ensemble-v1-20260131
2026-02-13,2026-02-13 08:00:00,2026-02-13 19:00:00,2026-02-14 01:00:00,11,1,0.7718,0.7621,0.7205,0.5201,0.9749,2026-02-13,ensemble-v1-20260131
2026-02-13,2026-02-13 08:00:00,2026-02-13 20:00:00,2026-02-14 02:00:00,12,1,0.7741,0.767,0.7552,0.5479,0.9867,2026-02-13,ensemble-v1-20260131
2026-02-13,2026-02-13 08:00:00,2026-02-13 21:00:00,2026-02-14 03:00:00,13,1,0.809,0.7661,0.7974,0.5637,0.99,2026-02-13,ensemble-v1-20260131
2026-02-13,2026-02-13 08:00:00,2026-02-13 22:00:00,2026-02-14 04:00:00,14,1,0.7588,0.6901,0.7475,0.4985,0.99,2026-02-13,ensemble-v1-20260131
2026-02-13,2026-02-13 08:00:00,2026-02-13 23:00:00,2026-02-14 05:00:00,15,1,0.7086,0.6724,0.7166,0.3882,0.982,2026-02-13,ensemble-v1-20260131
2026-02-13,2026-02-13 08:00:00,2026-02-14 00:00:00,2026-02-14 06:00:00,16,1,0.3612,0.3481,0.3871,0.1578,0.7667,2026-02-13,ensemble-v1-20260131
2026-02-13,2026-02-13 08:00:00,2026-02-14 01:00:00,2026-02-14 07:00:00,17,1,0.2165,0.2289,0.2386,0.0354,0.5963,2026-02-13,ensemble-v1-20260131
2026-02-13,2026-02-13 08:00:00,2026-02-14 02:00:00,2026-02-14 08:00:00,18,1,0.1271,0.1453,0.1303,0.0048,0.5155,2026-02-13,ensemble-v1-20260131
2026-02-13,2026-02-13 08:00:00,2026-02-14 03:00:00,2026-02-14 09:00:00,19,1,0.1397,0.1175,0.122,0.0,0.3863,2026-02-13,ensemble-v1-20260131
2026-02-13,2026-02-13 08:00:00,2026-02-14 04:00:00,2026-02-14 10:00:00,20,1,0.0896,0.0604,0.0877,0.0,0.2807,2026-02-13,ensemble-v1-20260131
2026-02-13,2026-02-13 08:00:00,2026-02-14 05:00:00,2026-02-14 11:00:00,21,1,0.0629,0.0468,0.0538,0.0,0.2739,2026-02-13,ensemble-v1-20260131
2026-02-13,2026-02-13 08:00:00,2026-02-14 06:00:00,2026-02-14 12:00:00,22,1,0.1319,0.1245,0.1586,0.0136,0.5589,2026-02-13,ensemble-v1-20260131
2026-02-13,2026-02-13 08:00:00,2026-02-14 07:00:00,2026-02-14 13:00:00,23,1,0.1107,0.1122,0.1505,0.0205,0.5899,2026-02-13,ensemble-v1-20260131
2026-02-13,2026-02-13 08:00:00,2026-02-14 08:00:00,2026-02-14 14:00:00,24,1,0.1535,0.1443,0.1788,0.0172,0.6272,2026-02-13,ensemble-v1-20260131
2026-02-13,2026-02-13 08:00:00,2026-02-14 09:00:00,2026-02-14 15:00:00,25,1,0.1289,0.1199,0.1425,0.0,0.5164,2026-02-13,ensemble-v1-20260131
2026-02-13,2026-02-13 08:00:00,2026-02-14 10:00:00,2026-02-14 16:00:00,26,1,0.1194,0.113,0.1295,0.0,0.3534,2026-02-13,ensemble-v1-20260131
2026-02-13,2026-02-13 08:00:00,2026-02-14 11:00:00,2026-02-14 17:00:00,27,1,0.1303,0.118,0.1332,0.0,0.4597,2026-02-13,ensemble-v1-20260131
2026-02-13,2026-02-13 08:00:00,2026-02-14 12:00:00,2026-02-14 18:00:00,28,1,0.1759,0.1763,0.1717,0.01,0.5407,2026-02-13,ensemble-v1-20260131
2026-02-13,2026-02-13 08:00:00,2026-02-14 13:00:00,2026-02-14 19:00:00,29,1,0.1734,0.153,0.1751,0.0019,0.6016,2026-02-13,ensemble-v1-20260131
2026-02-13,2026-02-13 08:00:00,2026-02-14 14:00:00,2026-02-14 20:00:00,30,1,0.1306,0.1258,0.1368,0.0,0.5056,2026-02-13,ensemble-v1-20260131
2026-02-13,2026-02-13 08:00:00,2026-02-14 15:00:00,2026-02-14 21:00:00,31,1,0.1284,0.1159,0.1242,0.0,0.2873,2026-02-13,ensemble-v1-20260131
2026-02-13,2026-02-13 08:00:00,2026-02-14 16:00:00,2026-02-14 22:00:00,32,1,0.1228,0.1004,0.0991,0.0,0.3199,2026-02-13,ensemble-v1-20260131
2026-02-13,2026-02-13 08:00:00,2026-02-14 17:00:00,2026-02-14 23:00:00,33,1,0.065,0.0455,0.0436,0.0,0.2973,2026-02-13,ensemble-v1-20260131
2026-02-13,2026-02-13 08:00:00,2026-02-14 18:00:00,2026-02-15 00:00:00,34,2,0.0484,0.0217,0.0433,0.0,0.3188,2026-02-13,ensemble-v1-20260131
2026-02-13,2026-02-13 08:00:00,2026-02-14 19:00:00,2026-02-15 01:00:00,35,2,0.0372,0.037,0.0333,0.0,0.2221,2026-02-13,ensemble-v1-20260131
2026-02-13,2026-02-13 08:00:00,2026-02-14 20:00:00,2026-02-15 02:00:00,36,2,0.0314,0.0347,0.0331,0.0,0.1548,2026-02-13,ensemble-v1-20260131
2026-02-13,2026-02-13 08:00:00,2026-02-14 21:00:00,2026-02-15 03:00:00,37,2,0.0199,0.0198,0.0165,0.0,0.0982,2026-02-13,ensemble-v1-20260131
2026-02-13,2026-02-13 08:00:00,2026-02-14 22:00:00,2026-02-15 04:00:00,38,2,0.028,0.0295,0.0265,0.0,0.1261,2026-02-13,ensemble-v1-20260131
2026-02-13,2026-02-13 08:00:00,2026-02-14 23:00:00,2026-02-15 05:00:00,39,2,0.0401,0.0324,0.0514,0.0,0.1871,2026-02-13,ensemble-v1-20260131
2026-02-13,2026-02-13 08:00:00,2026-02-15 00:00:00,2026-02-15 06:00:00,40,2,0.0945,0.0743,0.0895,0.0,0.2889,2026-02-13,ensemble-v1-20260131
2026-02-13,2026-02-13 08:00:00,2026-02-15 01:00:00,2026-02-15 07:00:00,41,2,0.1601,0.1379,0.1573,0.0,0.5397,2026-02-13,ensemble-v1-20260131
2026-02-13,2026-02-13 08:00:00,2026-02-15 02:00:00,2026-02-15 08:00:00,42,2,0.2676,0.2387,0.2498,0.0218,0.7898,2026-02-13,ensemble-v1-20260131
2026-02-13,2026-02-13 08:00:00,2026-02-15 03:00:00,2026-02-15 09:00:00,43,2,0.3536,0.3386,0.3344,0.0555,0.9074,2026-02-13,ensemble-v1-20260131
2026-02-13,2026-02-13 08:00:00,2026-02-15 04:00:00,2026-02-15 10:00:00,44,2,0.5377,0.5345,0.5511,0.2199,0.981,2026-02-13,ensemble-v1-20260131
2026-02-13,2026-02-13 08:00:00,2026-02-15 05:00:00,2026-02-15 11:00:00,45,2,0.7399,0.6975,0.72,0.4352,0.99,2026-02-13,ensemble-v1-20260131
2026-02-13,2026-02-13 08:00:00,2026-02-15 06:00:00,2026-02-15 12:00:00,46,2,0.783,0.7843,0.7999,0.4553,0.99,2026-02-13,ensemble-v1-20260131
2026-02-13,2026-02-13 08:00:00,2026-02-15 07:00:00,2026-02-15 13:00:00,47,2,0.9325,0.9034,0.9143,0.7742,0.99,2026-02-13,ensemble-v1-20260131
2026-02-13,2026-02-13 08:00:00,2026-02-15 08:00:00,2026-02-15 14:00:00,48,2,0.9275,0.9117,0.919,0.8763,0.99,2026-02-13,ensemble-v1-20260131
2026-02-13,2026-02-13 08:00:00,2026-02-15 09:00:00,2026-02-15 15:00:00,49,2,0.9136,0.8911,0.9127,0.9127,0.99,2026-02-13,ensemble-v1-20260131
2026-02-13,2026-02-13 08:00:00,2026-02-15 10:00:00,2026-02-15 16:00:00,50,2,0.8769,0.8459,0.8571,0.8571,0.99,2026-02-13,ensemble-v1-20260131
2026-02-13,2026-02-13 08:00:00,2026-02-15 11:00:00,2026-02-15 17:00:00,51,2,0.841,0.7967,0.8126,0.8098,0.99,2026-02-13,ensemble-v1-20260131
2026-02-13,2026-02-13 08:00:00,2026-02-15 12:00:00,2026-02-15 18:00:00,52,2,0.8239,0.7705,0.7883,0.6025,0.99,2026-02-13,ensemble-v1-20260131
2026-02-13,2026-02-13 08:00:00,2026-02-15 13:00:00,2026-02-15 19:00:00,53,2,0.8221,0.7479,0.7792,0.5721,0.99,2026-02-13,ensemble-v1-20260131
2026-02-13,2026-02-13 08:00:00,2026-02-15 14:00:00,2026-02-15 20:00:00,54,2,0.8031,0.7246,0.7799,0.5753,0.99,2026-02-13,ensemble-v1-20260131
2026-02-13,2026-02-13 08:00:00,2026-02-15 15:00:00,2026-02-15 21:00:00,55,2,0.8186,0.7564,0.794,0.6639,0.99,2026-02-13,ensemble-v1-20260131
2026-02-13,2026-02-13 08:00:00,2026-02-15 16:00:00,2026-02-15 22:00:00,56,2,0.7966,0.7503,0.771,0.6331,0.99,2026-02-13,ensemble-v1-20260131
2026-02-13,2026-02-13 08:00:00,2026-02-15 17:00:00,2026-02-15 23:00:00,57,2,0.7328,0.6629,0.7035,0.5806,0.99,2026-02-13,ensemble-v1-20260131
2026-02-14,2026-02-14 08:00:00,2026-02-14 18:00:00,2026-02-15 00:00:00,10,1,0.0263,0.0308,0.027,0.0,0.1451,2026-02-14,ensemble-v1-20260131
2026-02-14,2026-02-14 08:00:00,2026-02-14 19:00:00,2026-02-15 01:00:00,11,1,0.0348,0.0385,0.0318,0.0,0.071,2026-02-14,ensemble-v1-20260131
2026-02-14,2026-02-14 08:00:00,2026-02-14 20:00:00,2026-02-15 02:00:00,12,1,0.0381,0.0295,0.037,0.0,0.1138,2026-02-14,ensemble-v1-20260131
2026-02-14,2026-02-14 08:00:00,2026-02-14 21:00:00,2026-02-15 03:00:00,13,1,0.0226,0.0259,0.0169,0.0,0.0994,2026-02-14,ensemble-v1-20260131
2026-02-14,2026-02-14 08:00:00,2026-02-14 22:00:00,2026-02-15 04:00:00,14,1,0.0303,0.0343,0.033,0.0,0.1234,2026-02-14,ensemble-v1-20260131
2026-02-14,2026-02-14 08:00:00,2026-02-14 23:00:00,2026-02-15 05:00:00,15,1,0.0424,0.0376,0.0393,0.0,0.2089,2026-02-14,ensemble-v1-20260131
2026-02-14,2026-02-14 08:00:00,2026-02-15 00:00:00,2026-02-15 06:00:00,16,1,0.0916,0.0826,0.0839,0.0,0.3729,2026-02-14,ensemble-v1-20260131
2026-02-14,2026-02-14 08:00:00,2026-02-15 01:00:00,2026-02-15 07:00:00,17,1,0.1697,0.1329,0.1734,0.0,0.4853,2026-02-14,ensemble-v1-20260131
2026-02-14,2026-02-14 08:00:00,2026-02-15 02:00:00,2026-02-15 08:00:00,18,1,0.2837,0.2598,0.2587,0.0366,0.7989,2026-02-14,ensemble-v1-20260131
2026-02-14,2026-02-14 08:00:00,2026-02-15 03:00:00,2026-02-15 09:00:00,19,1,0.4149,0.3787,0.3712,0.1671,0.9356,2026-02-14,ensemble-v1-20260131
2026-02-14,2026-02-14 08:00:00,2026-02-15 04:00:00,2026-02-15 10:00:00,20,1,0.7102,0.6502,0.675,0.3506,0.99,2026-02-14,ensemble-v1-20260131
2026-02-14,2026-02-14 08:00:00,2026-02-15 05:00:00,2026-02-15 11:00:00,21,1,0.7624,0.7137,0.7462,0.5684,0.99,2026-02-14,ensemble-v1-20260131
2026-02-14,2026-02-14 08:00:00,2026-02-15 06:00:00,2026-02-15 12:00:00,22,1,0.7898,0.7561,0.791,0.624,0.99,2026-02-14,ensemble-v1-20260131
2026-02-14,2026-02-14 08:00:00,2026-02-15 07:00:00,2026-02-15 13:00:00,23,1,0.8896,0.8511,0.8786,0.8638,0.99,2026-02-14,ensemble-v1-20260131
2026-02-14,2026-02-14 08:00:00,2026-02-15 08:00:00,2026-02-15 14:00:00,24,1,0.9118,0.8873,0.8916,0.8916,0.99,2026-02-14,ensemble-v1-20260131
2026-02-14,2026-02-14 08:00:00,2026-02-15 09:00:00,2026-02-15 15:00:00,25,1,0.8888,0.8513,0.8775,0.8775,0.99,2026-02-14,ensemble-v1-20260131
2026-02-14,2026-02-14 08:00:00,2026-02-15 10:00:00,2026-02-15 16:00:00,26,1,0.848,0.8111,0.8154,0.7632,0.99,2026-02-14,ensemble-v1-20260131
2026-02-14,2026-02-14 08:00:00,2026-02-15 11:00:00,2026-02-15 17:00:00,27,1,0.8282,0.7845,0.789,0.6974,0.99,2026-02-14,ensemble-v1-20260131
2026-02-14,2026-02-14 08:00:00,2026-02-15 12:00:00,2026-02-15 18:00:00,28,1,0.8236,0.7765,0.7946,0.7611,0.99,2026-02-14,ensemble-v1-20260131
2026-02-14,2026-02-14 08:00:00,2026-02-15 13:00:00,2026-02-15 19:00:00,29,1,0.8272,0.7666,0.7903,0.7119,0.99,2026-02-14,ensemble-v1-20260131
2026-02-14,2026-02-14 08:00:00,2026-02-15 14:00:00,2026-02-15 20:00:00,30,1,0.8305,0.7742,0.7883,0.7369,0.99,2026-02-14,ensemble-v1-20260131
2026-02-14,2026-02-14 08:00:00,2026-02-15 15:00:00,2026-02-15 21:00:00,31,1,0.8129,0.7485,0.7715,0.6473,0.99,2026-02-14,ensemble-v1-20260131
2026-02-14,2026-02-14 08:00:00,2026-02-15 16:00:00,2026-02-15 22:00:00,32,1,0.7463,0.6863,0.6991,0.5018,0.99,2026-02-14,ensemble-v1-20260131
2026-02-14,2026-02-14 08:00:00,2026-02-15 17:00:00,2026-02-15 23:00:00,33,1,0.6202,0.5497,0.5819,0.3653,0.99,2026-02-14,ensemble-v1-20260131
2026-02-14,2026-02-14 08:00:00,2026-02-15 18:00:00,2026-02-16 00:00:00,34,2,0.4949,0.4505,0.5011,0.2961,0.99,2026-02-14,ensemble-v1-20260131
2026-02-14,2026-02-14 08:00:00,2026-02-15 19:00:00,2026-02-16 01:00:00,35,2,0.4828,0.4451,0.5017,0.2597,0.99,2026-02-14,ensemble-v1-20260131
2026-02-14,2026-02-14 08:00:00,2026-02-15 20:00:00,2026-02-16 02:00:00,36,2,0.4543,0.4337,0.4928,0.2223,0.9895,2026-02-14,ensemble-v1-20260131
2026-02-14,2026-02-14 08:00:00,2026-02-15 21:00:00,2026-02-16 03:00:00,37,2,0.4312,0.423,0.4713,0.1742,0.9732,2026-02-14,ensemble-v1-20260131
2026-02-14,2026-02-14 08:00:00,2026-02-15 22:00:00,2026-02-16 04:00:00,38,2,0.3988,0.408,0.4528,0.1512,0.95,2026-02-14,ensemble-v1-20260131
2026-02-14,2026-02-14 08:00:00,2026-02-15 23:00:00,2026-02-16 05:00:00,39,2,0.3449,0.3678,0.3941,0.1018,0.9726,2026-02-14,ensemble-v1-20260131
2026-02-14,2026-02-14 08:00:00,2026-02-16 00:00:00,2026-02-16 06:00:00,40,2,0.4193,0.416,0.4376,0.1733,0.9754,2026-02-14,ensemble-v1-20260131
2026-02-14,2026-02-14 08:00:00,2026-02-16 01:00:00,2026-02-16 07:00:00,41,2,0.3825,0.3974,0.4349,0.1426,0.99,2026-02-14,ensemble-v1-20260131
2026-02-14,2026-02-14 08:00:00,2026-02-16 02:00:00,2026-02-16 08:00:00,42,2,0.4266,0.3925,0.4381,0.1384,0.9801,2026-02-14,ensemble-v1-20260131
2026-02-14,2026-02-14 08:00:00,2026-02-16 03:00:00,2026-02-16 09:00:00,43,2,0.4509,0.4049,0.4771,0.1579,0.9854,2026-02-14,ensemble-v1-20260131
2026-02-14,2026-02-14 08:00:00,2026-02-16 04:00:00,2026-02-16 10:00:00,44,2,0.4739,0.4623,0.5236,0.238,0.9637,2026-02-14,ensemble-v1-20260131
2026-02-14,2026-02-14 08:00:00,2026-02-16 05:00:00,2026-02-16 11:00:00,45,2,0.4429,0.4528,0.4634,0.203,0.99,2026-02-14,ensemble-v1-20260131
2026-02-14,2026-02-14 08:00:00,2026-02-16 06:00:00,2026-02-16 12:00:00,46,2,0.5168,0.5106,0.5206,0.2615,0.99,2026-02-14,ensemble-v1-20260131
2026-02-14,2026-02-14 08:00:00,2026-02-16 07:00:00,2026-02-16 13:00:00,47,2,0.5272,0.5338,0.542,0.2502,0.99,2026-02-14,ensemble-v1-20260131
2026-02-14,2026-02-14 08:00:00,2026-02-16 08:00:00,2026-02-16 14:00:00,48,2,0.5629,0.5521,0.5611,0.2532,0.99,2026-02-14,ensemble-v1-20260131
2026-02-14,2026-02-14 08:00:00,2026-02-16 09:00:00,2026-02-16 15:00:00,49,2,0.5986,0.5537,0.5661,0.231,0.99,2026-02-14,ensemble-v1-20260131
2026-02-14,2026-02-14 08:00:00,2026-02-16 10:00:00,2026-02-16 16:00:00,50,2,0.5841,0.5304,0.5219,0.2471,0.99,2026-02-14,ensemble-v1-20260131
2026-02-14,2026-02-14 08:00:00,2026-02-16 11:00:00,2026-02-16 17:00:00,51,2,0.5879,0.5268,0.5403,0.3819,0.99,2026-02-14,ensemble-v1-20260131
2026-02-14,2026-02-14 08:00:00,2026-02-16 12:00:00,2026-02-16 18:00:00,52,2,0.5539,0.5282,0.5463,0.2352,0.9695,2026-02-14,ensemble-v1-20260131
2026-02-14,2026-02-14 08:00:00,2026-02-16 13:00:00,2026-02-16 19:00:00,53,2,0.5694,0.5119,0.5564,0.182,0.9818,2026-02-14,ensemble-v1-20260131
2026-02-14,2026-02-14 08:00:00,2026-02-16 14:00:00,2026-02-16 20:00:00,54,2,0.5027,0.4602,0.4972,0.1713,0.981,2026-02-14,ensemble-v1-20260131
2026-02-14,2026-02-14 08:00:00,2026-02-16 15:00:00,2026-02-16 21:00:00,55,2,0.5308,0.4839,0.5165,0.1691,0.9754,2026-02-14,ensemble-v1-20260131
2026-02-14,2026-02-14 08:00:00,2026-02-16 16:00:00,2026-02-16 22:00:00,56,2,0.5279,0.4554,0.502,0.2249,0.9783,2026-02-14,ensemble-v1-20260131
2026-02-14,2026-02-14 08:00:00,2026-02-16 17:00:00,2026-02-16 23:00:00,57,2,0.5177,0.474,0.4988,0.2231,0.9884,2026-02-14,ensemble-v1-20260131
2026-02-15,2026-02-15 08:00:00,2026-02-15 18:00:00,2026-02-16 00:00:00,10,1,0.4312,0.3993,0.4224,0.1424,0.9381,2026-02-15,ensemble-v1-20260131
2026-02-15,2026-02-15 08:00:00,2026-02-15 19:00:00,2026-02-16 01:00:00,11,1,0.4168,0.3955,0.4159,0.1422,0.9795,2026-02-15,ensemble-v1-20260131
2026-02-15,2026-02-15 08:00:00,2026-02-15 20:00:00,2026-02-16 02:00:00,12,1,0.4707,0.4393,0.465,0.2093,0.9827,2026-02-15,ensemble-v1-20260131
2026-02-15,2026-02-15 08:00:00,2026-02-15 21:00:00,2026-02-16 03:00:00,13,1,0.5481,0.5015,0.5652,0.2637,0.99,2026-02-15,ensemble-v1-20260131
2026-02-15,2026-02-15 08:00:00,2026-02-15 22:00:00,2026-02-16 04:00:00,14,1,0.5697,0.5504,0.5607,0.2988,0.99,2026-02-15,ensemble-v1-20260131
2026-02-15,2026-02-15 08:00:00,2026-02-15 23:00:00,2026-02-16 05:00:00,15,1,0.5757,0.5383,0.5827,0.3161,0.9846,2026-02-15,ensemble-v1-20260131
2026-02-15,2026-02-15 08:00:00,2026-02-16 00:00:00,2026-02-16 06:00:00,16,1,0.6755,0.6168,0.6653,0.3218,0.99,2026-02-15,ensemble-v1-20260131
2026-02-15,2026-02-15 08:00:00,2026-02-16 01:00:00,2026-02-16 07:00:00,17,1,0.5766,0.5585,0.5643,0.3184,0.99,2026-02-15,ensemble-v1-20260131
2026-02-15,2026-02-15 08:00:00,2026-02-16 02:00:00,2026-02-16 08:00:00,18,1,0.5255,0.5249,0.5506,0.2753,0.99,2026-02-15,ensemble-v1-20260131
2026-02-15,2026-02-15 08:00:00,2026-02-16 03:00:00,2026-02-16 09:00:00,19,1,0.4775,0.4852,0.5109,0.1936,0.9871,2026-02-15,ensemble-v1-20260131
2026-02-15,2026-02-15 08:00:00,2026-02-16 04:00:00,2026-02-16 10:00:00,20,1,0.4529,0.483,0.4931,0.206,0.9759,2026-02-15,ensemble-v1-20260131
2026-02-15,2026-02-15 08:00:00,2026-02-16 05:00:00,2026-02-16 11:00:00,21,1,0.4744,0.4964,0.4992,0.1948,0.9602,2026-02-15,ensemble-v1-20260131
2026-02-15,2026-02-15 08:00:00,2026-02-16 06:00:00,2026-02-16 12:00:00,22,1,0.6327,0.6148,0.6152,0.3475,0.9762,2026-02-15,ensemble-v1-20260131
2026-02-15,2026-02-15 08:00:00,2026-02-16 07:00:00,2026-02-16 13:00:00,23,1,0.681,0.6523,0.6882,0.3877,0.9876,2026-02-15,ensemble-v1-20260131
2026-02-15,2026-02-15 08:00:00,2026-02-16 08:00:00,2026-02-16 14:00:00,24,1,0.6316,0.6511,0.6534,0.3169,0.977,2026-02-15,ensemble-v1-20260131
2026-02-15,2026-02-15 08:00:00,2026-02-16 09:00:00,2026-02-16 15:00:00,25,1,0.6903,0.6788,0.7037,0.3598,0.9824,2026-02-15,ensemble-v1-20260131
2026-02-15,2026-02-15 08:00:00,2026-02-16 10:00:00,2026-02-16 16:00:00,26,1,0.6411,0.6659,0.6515,0.3634,0.9842,2026-02-15,ensemble-v1-20260131
2026-02-15,2026-02-15 08:00:00,2026-02-16 11:00:00,2026-02-16 17:00:00,27,1,0.5847,0.5784,0.6048,0.3805,0.99,2026-02-15,ensemble-v1-20260131
2026-02-15,2026-02-15 08:00:00,2026-02-16 12:00:00,2026-02-16 18:00:00,28,1,0.6312,0.5883,0.6,0.3001,0.9836,2026-02-15,ensemble-v1-20260131
2026-02-15,2026-02-15 08:00:00,2026-02-16 13:00:00,2026-02-16 19:00:00,29,1,0.5942,0.537,0.5742,0.2808,0.9616,2026-02-15,ensemble-v1-20260131
2026-02-15,2026-02-15 08:00:00,2026-02-16 14:00:00,2026-02-16 20:00:00,30,1,0.5837,0.5364,0.5859,0.2235,0.958,2026-02-15,ensemble-v1-20260131
2026-02-15,2026-02-15 08:00:00,2026-02-16 15:00:00,2026-02-16 21:00:00,31,1,0.5019,0.4822,0.5,0.1895,0.9298,2026-02-15,ensemble-v1-20260131
2026-02-15,2026-02-15 08:00:00,2026-02-16 16:00:00,2026-02-16 22:00:00,32,1,0.4827,0.4621,0.4787,0.1711,0.9277,2026-02-15,ensemble-v1-20260131
2026-02-15,2026-02-15 08:00:00,2026-02-16 17:00:00,2026-02-16 23:00:00,33,1,0.5111,0.465,0.4749,0.196,0.9392,2026-02-15,ensemble-v1-20260131
2026-02-15,2026-02-15 08:00:00,2026-02-16 18:00:00,2026-02-17 00:00:00,34,2,0.4228,0.4144,0.417,0.1634,0.9472,2026-02-15,ensemble-v1-20260131
2026-02-15,2026-02-15 08:00:00,2026-02-16 19:00:00,2026-02-17 01:00:00,35,2,0.4233,0.3993,0.419,0.1744,0.942,2026-02-15,ensemble-v1-20260131
2026-02-15,2026-02-15 08:00:00,2026-02-16 20:00:00,2026-02-17 02:00:00,36,2,0.4624,0.4414,0.4546,0.1725,0.9543,2026-02-15,ensemble-v1-20260131
2026-02-15,2026-02-15 08:00:00,2026-02-16 21:00:00,2026-02-17 03:00:00,37,2,0.434,0.428,0.4362,0.1872,0.9378,2026-02-15,ensemble-v1-20260131
2026-02-15,2026-02-15 08:00:00,2026-02-16 22:00:00,2026-02-17 04:00:00,38,2,0.3576,0.3475,0.3693,0.1428,0.9353,2026-02-15,ensemble-v1-20260131
2026-02-15,2026-02-15 08:00:00,2026-02-16 23:00:00,2026-02-17 05:00:00,39,2,0.3385,0.3386,0.3375,0.1118,0.9293,2026-02-15,ensemble-v1-20260131
2026-02-15,2026-02-15 08:00:00,2026-02-17 00:00:00,2026-02-17 06:00:00,40,2,0.2103,0.2065,0.1988,0.0049,0.6142,2026-02-15,ensemble-v1-20260131
2026-02-15,2026-02-15 08:00:00,2026-02-17 01:00:00,2026-02-17 07:00:00,41,2,0.1586,0.1654,0.1546,0.0,0.4801,2026-02-15,ensemble-v1-20260131
2026-02-15,2026-02-15 08:00:00,2026-02-17 02:00:00,2026-02-17 08:00:00,42,2,0.1282,0.1252,0.1261,0.0,0.3784,2026-02-15,ensemble-v1-20260131
2026-02-15,2026-02-15 08:00:00,2026-02-17 03:00:00,2026-02-17 09:00:00,43,2,0.1175,0.1083,0.1003,0.0,0.3845,2026-02-15,ensemble-v1-20260131
2026-02-15,2026-02-15 08:00:00,2026-02-17 04:00:00,2026-02-17 10:00:00,44,2,0.1574,0.1236,0.1348,0.0,0.4646,2026-02-15,ensemble-v1-20260131
2026-02-15,2026-02-15 08:00:00,2026-02-17 05:00:00,2026-02-17 11:00:00,45,2,0.1753,0.1417,0.1553,0.0,0.4283,2026-02-15,ensemble-v1-20260131
2026-02-15,2026-02-15 08:00:00,2026-02-17 06:00:00,2026-02-17 12:00:00,46,2,0.241,0.2092,0.2136,0.0066,0.6594,2026-02-15,ensemble-v1-20260131
2026-02-15,2026-02-15 08:00:00,2026-02-17 07:00:00,2026-02-17 13:00:00,47,2,0.2241,0.1845,0.2,0.0093,0.6637,2026-02-15,ensemble-v1-20260131
2026-02-15,2026-02-15 08:00:00,2026-02-17 08:00:00,2026-02-17 14:00:00,48,2,0.1562,0.1461,0.1408,0.0006,0.5482,2026-02-15,ensemble-v1-20260131
2026-02-15,2026-02-15 08:00:00,2026-02-17 09:00:00,2026-02-17 15:00:00,49,2,0.1986,0.169,0.1811,0.0097,0.6146,2026-02-15,ensemble-v1-20260131
2026-02-15,2026-02-15 08:00:00,2026-02-17 10:00:00,2026-02-17 16:00:00,50,2,0.2055,0.1859,0.2006,0.0075,0.6613,2026-02-15,ensemble-v1-20260131
2026-02-15,2026-02-15 08:00:00,2026-02-17 11:00:00,2026-02-17 17:00:00,51,2,0.2657,0.2307,0.2385,0.004,0.7243,2026-02-15,ensemble-v1-20260131
2026-02-15,2026-02-15 08:00:00,2026-02-17 12:00:00,2026-02-17 18:00:00,52,2,0.3956,0.3473,0.3374,0.1084,0.8855,2026-02-15,ensemble-v1-20260131
2026-02-15,2026-02-15 08:00:00,2026-02-17 13:00:00,2026-02-17 19:00:00,53,2,0.4922,0.4815,0.4732,0.1456,0.9582,2026-02-15,ensemble-v1-20260131
2026-02-15,2026-02-15 08:00:00,2026-02-17 14:00:00,2026-02-17 20:00:00,54,2,0.5267,0.5119,0.5031,0.2106,0.9532,2026-02-15,ensemble-v1-20260131
2026-02-15,2026-02-15 08:00:00,2026-02-17 15:00:00,2026-02-17 21:00:00,55,2,0.6096,0.5829,0.5804,0.2973,0.99,2026-02-15,ensemble-v1-20260131
2026-02-15,2026-02-15 08:00:00,2026-02-17 16:00:00,2026-02-17 22:00:00,56,2,0.5183,0.5005,0.4917,0.2693,0.99,2026-02-15,ensemble-v1-20260131
2026-02-15,2026-02-15 08:00:00,2026-02-17 17:00:00,2026-02-17 23:00:00,57,2,0.5516,0.5187,0.5411,0.2627,0.99,2026-02-15,ensemble-v1-20260131
2026-02-16,2026-02-16 08:00:00,2026-02-16 18:00:00,2026-02-17 00:00:00,10,1,0.3912,0.3236,0.3506,0.1426,0.8906,2026-02-16,ensemble-v1-20260131
2026-02-16,2026-02-16 08:00:00,2026-02-16 19:00:00,2026-02-17 01:00:00,11,1,0.3807,0.3323,0.3608,0.1573,0.8882,2026-02-16,ensemble-v1-20260131
2026-02-16,2026-02-16 08:00:00,2026-02-16 20:00:00,2026-02-17 02:00:00,12,1,0.3769,0.3209,0.33,0.1565,0.8947,2026-02-16,ensemble-v1-20260131
2026-02-16,2026-02-16 08:00:00,2026-02-16 21:00:00,2026-02-17 03:00:00,13,1,0.3765,0.3508,0.3549,0.142,0.9024,2026-02-16,ensemble-v1-20260131
2026-02-16,2026-02-16 08:00:00,2026-02-16 22:00:00,2026-02-17 04:00:00,14,1,0.3436,0.3246,0.343,0.1053,0.862,2026-02-16,ensemble-v1-20260131
2026-02-16,2026-02-16 08:00:00,2026-02-16 23:00:00,2026-02-17 05:00:00,15,1,0.2367,0.1891,0.1947,0.0144,0.6691,2026-02-16,ensemble-v1-20260131
2026-02-16,2026-02-16 08:00:00,2026-02-17 00:00:00,2026-02-17 06:00:00,16,1,0.1476,0.1322,0.1621,0.0,0.5966,2026-02-16,ensemble-v1-20260131
2026-02-16,2026-02-16 08:00:00,2026-02-17 01:00:00,2026-02-17 07:00:00,17,1,0.1333,0.106,0.1442,0.0,0.4942,2026-02-16,ensemble-v1-20260131
2026-02-16,2026-02-16 08:00:00,2026-02-17 02:00:00,2026-02-17 08:00:00,18,1,0.1162,0.1161,0.1278,0.0,0.422,2026-02-16,ensemble-v1-20260131
2026-02-16,2026-02-16 08:00:00,2026-02-17 03:00:00,2026-02-17 09:00:00,19,1,0.1285,0.1231,0.131,0.0,0.4252,2026-02-16,ensemble-v1-20260131
2026-02-16,2026-02-16 08:00:00,2026-02-17 04:00:00,2026-02-17 10:00:00,20,1,0.2106,0.2015,0.2076,0.0,0.5853,2026-02-16,ensemble-v1-20260131
2026-02-16,2026-02-16 08:00:00,2026-02-17 05:00:00,2026-02-17 11:00:00,21,1,0.2427,0.2183,0.2239,0.0005,0.5425,2026-02-16,ensemble-v1-20260131
2026-02-16,2026-02-16 08:00:00,2026-02-17 06:00:00,2026-02-17 12:00:00,22,1,0.2655,0.2608,0.2867,0.0331,0.7318,2026-02-16,ensemble-v1-20260131
2026-02-16,2026-02-16 08:00:00,2026-02-17 07:00:00,2026-02-17 13:00:00,23,1,0.2397,0.2427,0.2768,0.0296,0.7444,2026-02-16,ensemble-v1-20260131
2026-02-16,2026-02-16 08:00:00,2026-02-17 08:00:00,2026-02-17 14:00:00,24,1,0.2183,0.2538,0.2792,0.0321,0.7315,2026-02-16,ensemble-v1-20260131
2026-02-16,2026-02-16 08:00:00,2026-02-17 09:00:00,2026-02-17 15:00:00,25,1,0.2406,0.2527,0.2688,0.0539,0.7413,2026-02-16,ensemble-v1-20260131
2026-02-16,2026-02-16 08:00:00,2026-02-17 10:00:00,2026-02-17 16:00:00,26,1,0.2774,0.2911,0.2842,0.0834,0.8099,2026-02-16,ensemble-v1-20260131
2026-02-16,2026-02-16 08:00:00,2026-02-17 11:00:00,2026-02-17 17:00:00,27,1,0.3452,0.3641,0.3524,0.0893,0.8631,2026-02-16,ensemble-v1-20260131
2026-02-16,2026-02-16 08:00:00,2026-02-17 12:00:00,2026-02-17 18:00:00,28,1,0.553,0.533,0.5541,0.184,0.9845,2026-02-16,ensemble-v1-20260131
2026-02-16,2026-02-16 08:00:00,2026-02-17 13:00:00,2026-02-17 19:00:00,29,1,0.5805,0.5652,0.5737,0.279,0.99,2026-02-16,ensemble-v1-20260131
2026-02-16,2026-02-16 08:00:00,2026-02-17 14:00:00,2026-02-17 20:00:00,30,1,0.6107,0.5994,0.5964,0.3324,0.99,2026-02-16,ensemble-v1-20260131
2026-02-16,2026-02-16 08:00:00,2026-02-17 15:00:00,2026-02-17 21:00:00,31,1,0.6919,0.6904,0.658,0.3919,0.99,2026-02-16,ensemble-v1-20260131
2026-02-16,2026-02-16 08:00:00,2026-02-17 16:00:00,2026-02-17 22:00:00,32,1,0.6681,0.6452,0.6543,0.4318,0.99,2026-02-16,ensemble-v1-20260131
2026-02-16,2026-02-16 08:00:00,2026-02-17 17:00:00,2026-02-17 23:00:00,33,1,0.648,0.6344,0.6738,0.4425,0.99,2026-02-16,ensemble-v1-20260131
2026-02-16,2026-02-16 08:00:00,2026-02-17 18:00:00,2026-02-18 00:00:00,34,2,0.6281,0.5896,0.601,0.4386,0.9883,2026-02-16,ensemble-v1-20260131
2026-02-16,2026-02-16 08:00:00,2026-02-17 19:00:00,2026-02-18 01:00:00,35,2,0.6759,0.6214,0.6444,0.4708,0.99,2026-02-16,ensemble-v1-20260131
2026-02-16,2026-02-16 08:00:00,2026-02-17 20:00:00,2026-02-18 02:00:00,36,2,0.6294,0.5686,0.59,0.4195,0.99,2026-02-16,ensemble-v1-20260131
2026-02-16,2026-02-16 08:00:00,2026-02-17 21:00:00,2026-02-18 03:00:00,37,2,0.5816,0.5048,0.5575,0.3358,0.99,2026-02-16,ensemble-v1-20260131
2026-02-16,2026-02-16 08:00:00,2026-02-17 22:00:00,2026-02-18 04:00:00,38,2,0.6146,0.5045,0.565,0.394,0.99,2026-02-16,ensemble-v1-20260131
2026-02-16,2026-02-16 08:00:00,2026-02-17 23:00:00,2026-02-18 05:00:00,39,2,0.6367,0.5635,0.6143,0.4829,0.9819,2026-02-16,ensemble-v1-20260131
2026-02-16,2026-02-16 08:00:00,2026-02-18 00:00:00,2026-02-18 06:00:00,40,2,0.6854,0.6028,0.6358,0.5299,0.9859,2026-02-16,ensemble-v1-20260131
2026-02-16,2026-02-16 08:00:00,2026-02-18 01:00:00,2026-02-18 07:00:00,41,2,0.6144,0.5312,0.5852,0.5414,0.99,2026-02-16,ensemble-v1-20260131
2026-02-16,2026-02-16 08:00:00,2026-02-18 02:00:00,2026-02-18 08:00:00,42,2,0.6208,0.5535,0.5972,0.5329,0.99,2026-02-16,ensemble-v1-20260131
2026-02-16,2026-02-16 08:00:00,2026-02-18 03:00:00,2026-02-18 09:00:00,43,2,0.6255,0.596,0.6084,0.6084,0.99,2026-02-16,ensemble-v1-20260131
2026-02-16,2026-02-16 08:00:00,2026-02-18 04:00:00,2026-02-18 10:00:00,44,2,0.602,0.5953,0.6189,0.6189,0.99,2026-02-16,ensemble-v1-20260131
2026-02-16,2026-02-16 08:00:00,2026-02-18 05:00:00,2026-02-18 11:00:00,45,2,0.7584,0.7543,0.7577,0.7073,0.99,2026-02-16,ensemble-v1-20260131
2026-02-16,2026-02-16 08:00:00,2026-02-18 06:00:00,2026-02-18 12:00:00,46,2,0.8918,0.8756,0.8692,0.8692,0.99,2026-02-16,ensemble-v1-20260131
2026-02-16,2026-02-16 08:00:00,2026-02-18 07:00:00,2026-02-18 13:00:00,47,2,0.9602,0.9363,0.936,0.8962,0.99,2026-02-16,ensemble-v1-20260131
2026-02-16,2026-02-16 08:00:00,2026-02-18 08:00:00,2026-02-18 14:00:00,48,2,0.9538,0.9307,0.9255,0.9238,0.99,2026-02-16,ensemble-v1-20260131
2026-02-16,2026-02-16 08:00:00,2026-02-18 09:00:00,2026-02-18 15:00:00,49,2,0.9616,0.9411,0.9393,0.9173,0.99,2026-02-16,ensemble-v1-20260131
2026-02-16,2026-02-16 08:00:00,2026-02-18 10:00:00,2026-02-18 16:00:00,50,2,0.8967,0.8812,0.8694,0.8694,0.99,2026-02-16,ensemble-v1-20260131
2026-02-16,2026-02-16 08:00:00,2026-02-18 11:00:00,2026-02-18 17:00:00,51,2,0.8548,0.8279,0.8227,0.7681,0.99,2026-02-16,ensemble-v1-20260131
2026-02-16,2026-02-16 08:00:00,2026-02-18 12:00:00,2026-02-18 18:00:00,52,2,0.7763,0.7203,0.7425,0.5,0.99,2026-02-16,ensemble-v1-20260131
2026-02-16,2026-02-16 08:00:00,2026-02-18 13:00:00,2026-02-18 19:00:00,53,2,0.6018,0.5692,0.5796,0.3111,0.99,2026-02-16,ensemble-v1-20260131
2026-02-16,2026-02-16 08:00:00,2026-02-18 14:00:00,2026-02-18 20:00:00,54,2,0.5145,0.4814,0.5108,0.1932,0.99,2026-02-16,ensemble-v1-20260131
2026-02-16,2026-02-16 08:00:00,2026-02-18 15:00:00,2026-02-18 21:00:00,55,2,0.4789,0.4676,0.48,0.1916,0.99,2026-02-16,ensemble-v1-20260131
2026-02-16,2026-02-16 08:00:00,2026-02-18 16:00:00,2026-02-18 22:00:00,56,2,0.3846,0.3767,0.3893,0.091,0.9234,2026-02-16,ensemble-v1-20260131
2026-02-16,2026-02-16 08:00:00,2026-02-18 17:00:00,2026-02-18 23:00:00,57,2,0.3818,0.3887,0.4066,0.0867,0.9687,2026-02-16,ensemble-v1-20260131
2026-02-17,2026-02-17 08:00:00,2026-02-17 18:00:00,2026-02-18 00:00:00,10,1,0.7334,0.6933,0.7095,0.4762,0.99,2026-02-17,ensemble-v1-20260131
2026-02-17,2026-02-17 08:00:00,2026-02-17 19:00:00,2026-02-18 01:00:00,11,1,0.7986,0.7574,0.7693,0.5546,0.99,2026-02-17,ensemble-v1-20260131
2026-02-17,2026-02-17 08:00:00,2026-02-17 20:00:00,2026-02-18 02:00:00,12,1,0.7147,0.6888,0.715,0.5413,0.9895,2026-02-17,ensemble-v1-20260131
2026-02-17,2026-02-17 08:00:00,2026-02-17 21:00:00,2026-02-18 03:00:00,13,1,0.8001,0.7441,0.7724,0.4942,0.99,2026-02-17,ensemble-v1-20260131
2026-02-17,2026-02-17 08:00:00,2026-02-17 22:00:00,2026-02-18 04:00:00,14,1,0.6713,0.6337,0.6794,0.5076,0.9789,2026-02-17,ensemble-v1-20260131
2026-02-17,2026-02-17 08:00:00,2026-02-17 23:00:00,2026-02-18 05:00:00,15,1,0.7715,0.7108,0.741,0.5337,0.9812,2026-02-17,ensemble-v1-20260131
2026-02-17,2026-02-17 08:00:00,2026-02-18 00:00:00,2026-02-18 06:00:00,16,1,0.7024,0.6172,0.6686,0.4681,0.99,2026-02-17,ensemble-v1-20260131
2026-02-17,2026-02-17 08:00:00,2026-02-18 01:00:00,2026-02-18 07:00:00,17,1,0.5122,0.4506,0.5089,0.5084,0.99,2026-02-17,ensemble-v1-20260131
2026-02-17,2026-02-17 08:00:00,2026-02-18 02:00:00,2026-02-18 08:00:00,18,1,0.6026,0.5478,0.5827,0.5827,0.99,2026-02-17,ensemble-v1-20260131
2026-02-17,2026-02-17 08:00:00,2026-02-18 03:00:00,2026-02-18 09:00:00,19,1,0.7818,0.6993,0.7213,0.7067,0.99,2026-02-17,ensemble-v1-20260131
2026-02-17,2026-02-17 08:00:00,2026-02-18 04:00:00,2026-02-18 10:00:00,20,1,0.7622,0.7687,0.7587,0.7184,0.99,2026-02-17,ensemble-v1-20260131
2026-02-17,2026-02-17 08:00:00,2026-02-18 05:00:00,2026-02-18 11:00:00,21,1,0.7858,0.797,0.8006,0.8006,0.99,2026-02-17,ensemble-v1-20260131
2026-02-17,2026-02-17 08:00:00,2026-02-18 06:00:00,2026-02-18 12:00:00,22,1,0.9272,0.9054,0.9065,0.9065,0.99,2026-02-17,ensemble-v1-20260131
2026-02-17,2026-02-17 08:00:00,2026-02-18 07:00:00,2026-02-18 13:00:00,23,1,0.9257,0.8999,0.8964,0.8964,0.99,2026-02-17,ensemble-v1-20260131
2026-02-17,2026-02-17 08:00:00,2026-02-18 08:00:00,2026-02-18 14:00:00,24,1,0.8965,0.8763,0.8677,0.8677,0.99,2026-02-17,ensemble-v1-20260131
2026-02-17,2026-02-17 08:00:00,2026-02-18 09:00:00,2026-02-18 15:00:00,25,1,0.9116,0.8886,0.886,0.886,0.99,2026-02-17,ensemble-v1-20260131
2026-02-17,2026-02-17 08:00:00,2026-02-18 10:00:00,2026-02-18 16:00:00,26,1,0.8982,0.8846,0.8777,0.8777,0.99,2026-02-17,ensemble-v1-20260131
2026-02-17,2026-02-17 08:00:00,2026-02-18 11:00:00,2026-02-18 17:00:00,27,1,0.8552,0.847,0.8273,0.8115,0.99,2026-02-17,ensemble-v1-20260131
2026-02-17,2026-02-17 08:00:00,2026-02-18 12:00:00,2026-02-18 18:00:00,28,1,0.7815,0.7547,0.7608,0.6624,0.99,2026-02-17,ensemble-v1-20260131
2026-02-17,2026-02-17 08:00:00,2026-02-18 13:00:00,2026-02-18 19:00:00,29,1,0.6168,0.5736,0.5812,0.3445,0.99,2026-02-17,ensemble-v1-20260131
2026-02-17,2026-02-17 08:00:00,2026-02-18 14:00:00,2026-02-18 20:00:00,30,1,0.5865,0.5418,0.5498,0.2786,0.9832,2026-02-17,ensemble-v1-20260131
2026-02-17,2026-02-17 08:00:00,2026-02-18 15:00:00,2026-02-18 21:00:00,31,1,0.5952,0.5636,0.5784,0.3066,0.9763,2026-02-17,ensemble-v1-20260131
2026-02-17,2026-02-17 08:00:00,2026-02-18 16:00:00,2026-02-18 22:00:00,32,1,0.4583,0.4432,0.4547,0.2086,0.9845,2026-02-17,ensemble-v1-20260131
2026-02-17,2026-02-17 08:00:00,2026-02-18 17:00:00,2026-02-18 23:00:00,33,1,0.472,0.4326,0.4632,0.2322,0.99,2026-02-17,ensemble-v1-20260131
2026-02-17,2026-02-17 08:00:00,2026-02-18 18:00:00,2026-02-19 00:00:00,34,2,0.4654,0.4487,0.4668,0.2182,0.9838,2026-02-17,ensemble-v1-20260131
2026-02-17,2026-02-17 08:00:00,2026-02-18 19:00:00,2026-02-19 01:00:00,35,2,0.5221,0.4837,0.5237,0.253,0.99,2026-02-17,ensemble-v1-20260131
2026-02-17,2026-02-17 08:00:00,2026-02-18 20:00:00,2026-02-19 02:00:00,36,2,0.4196,0.4116,0.4321,0.1908,0.99,2026-02-17,ensemble-v1-20260131
2026-02-17,2026-02-17 08:00:00,2026-02-18 21:00:00,2026-02-19 03:00:00,37,2,0.4242,0.4014,0.4305,0.1699,0.99,2026-02-17,ensemble-v1-20260131
2026-02-17,2026-02-17 08:00:00,2026-02-18 22:00:00,2026-02-19 04:00:00,38,2,0.4896,0.4692,0.4446,0.2132,0.9489,2026-02-17,ensemble-v1-20260131
2026-02-17,2026-02-17 08:00:00,2026-02-18 23:00:00,2026-02-19 05:00:00,39,2,0.4391,0.4073,0.4173,0.163,0.9864,2026-02-17,ensemble-v1-20260131
2026-02-17,2026-02-17 08:00:00,2026-02-19 00:00:00,2026-02-19 06:00:00,40,2,0.4677,0.4223,0.4581,0.2137,0.961,2026-02-17,ensemble-v1-20260131
2026-02-17,2026-02-17 08:00:00,2026-02-19 01:00:00,2026-02-19 07:00:00,41,2,0.4189,0.3766,0.4009,0.1599,0.9649,2026-02-17,ensemble-v1-20260131
2026-02-17,2026-02-17 08:00:00,2026-02-19 02:00:00,2026-02-19 08:00:00,42,2,0.4112,0.4041,0.4123,0.1745,0.9668,2026-02-17,ensemble-v1-20260131
2026-02-17,2026-02-17 08:00:00,2026-02-19 03:00:00,2026-02-19 09:00:00,43,2,0.3798,0.3571,0.3783,0.1357,0.9559,2026-02-17,ensemble-v1-20260131
2026-02-17,2026-02-17 08:00:00,2026-02-19 04:00:00,2026-02-19 10:00:00,44,2,0.4904,0.4667,0.4854,0.1979,0.9893,2026-02-17,ensemble-v1-20260131
2026-02-17,2026-02-17 08:00:00,2026-02-19 05:00:00,2026-02-19 11:00:00,45,2,0.3492,0.3894,0.4009,0.1327,0.9594,2026-02-17,ensemble-v1-20260131
2026-02-17,2026-02-17 08:00:00,2026-02-19 06:00:00,2026-02-19 12:00:00,46,2,0.3028,0.3331,0.3281,0.0587,0.7964,2026-02-17,ensemble-v1-20260131
2026-02-17,2026-02-17 08:00:00,2026-02-19 07:00:00,2026-02-19 13:00:00,47,2,0.2609,0.2857,0.2938,0.0621,0.7734,2026-02-17,ensemble-v1-20260131
2026-02-17,2026-02-17 08:00:00,2026-02-19 08:00:00,2026-02-19 14:00:00,48,2,0.1848,0.1971,0.1992,0.0025,0.5936,2026-02-17,ensemble-v1-20260131
2026-02-17,2026-02-17 08:00:00,2026-02-19 09:00:00,2026-02-19 15:00:00,49,2,0.1446,0.1686,0.1753,0.0,0.5463,2026-02-17,ensemble-v1-20260131
2026-02-17,2026-02-17 08:00:00,2026-02-19 10:00:00,2026-02-19 16:00:00,50,2,0.1227,0.1326,0.134,0.0,0.4397,2026-02-17,ensemble-v1-20260131
2026-02-17,2026-02-17 08:00:00,2026-02-19 11:00:00,2026-02-19 17:00:00,51,2,0.1141,0.109,0.1262,0.0,0.3366,2026-02-17,ensemble-v1-20260131
2026-02-17,2026-02-17 08:00:00,2026-02-19 12:00:00,2026-02-19 18:00:00,52,2,0.1023,0.1087,0.1044,0.0,0.3536,2026-02-17,ensemble-v1-20260131
2026-02-17,2026-02-17 08:00:00,2026-02-19 13:00:00,2026-02-19 19:00:00,53,2,0.0948,0.0971,0.0842,0.0,0.4193,2026-02-17,ensemble-v1-20260131
2026-02-17,2026-02-17 08:00:00,2026-02-19 14:00:00,2026-02-19 20:00:00,54,2,0.0906,0.0931,0.1014,0.0,0.4426,2026-02-17,ensemble-v1-20260131
2026-02-17,2026-02-17 08:00:00,2026-02-19 15:00:00,2026-02-19 21:00:00,55,2,0.0911,0.0936,0.0874,0.0,0.4573,2026-02-17,ensemble-v1-20260131
2026-02-17,2026-02-17 08:00:00,2026-02-19 16:00:00,2026-02-19 22:00:00,56,2,0.1011,0.1072,0.1124,0.0,0.5199,2026-02-17,ensemble-v1-20260131
2026-02-17,2026-02-17 08:00:00,2026-02-19 17:00:00,2026-02-19 23:00:00,57,2,0.1925,0.1628,0.189,0.0,0.5669,2026-02-17,ensemble-v1-20260131
2026-02-18,2026-02-18 08:00:00,2026-02-18 18:00:00,2026-02-19 00:00:00,10,1,0.4311,0.3944,0.4426,0.1956,0.9358,2026-02-18,ensemble-v1-20260131
2026-02-18,2026-02-18 08:00:00,2026-02-18 19:00:00,2026-02-19 01:00:00,11,1,0.5118,0.4404,0.4845,0.2457,0.9748,2026-02-18,ensemble-v1-20260131
2026-02-18,2026-02-18 08:00:00,2026-02-18 20:00:00,2026-02-19 02:00:00,12,1,0.433,0.3746,0.4131,0.2019,0.9713,2026-02-18,ensemble-v1-20260131
2026-02-18,2026-02-18 08:00:00,2026-02-18 21:00:00,2026-02-19 03:00:00,13,1,0.4961,0.4148,0.4615,0.2303,0.9629,2026-02-18,ensemble-v1-20260131
2026-02-18,2026-02-18 08:00:00,2026-02-18 22:00:00,2026-02-19 04:00:00,14,1,0.4209,0.3533,0.4139,0.2016,0.9673,2026-02-18,ensemble-v1-20260131
2026-02-18,2026-02-18 08:00:00,2026-02-18 23:00:00,2026-02-19 05:00:00,15,1,0.5317,0.4468,0.477,0.2033,0.9664,2026-02-18,ensemble-v1-20260131
2026-02-18,2026-02-18 08:00:00,2026-02-19 00:00:00,2026-02-19 06:00:00,16,1,0.3386,0.3174,0.3526,0.0946,0.9329,2026-02-18,ensemble-v1-20260131
2026-02-18,2026-02-18 08:00:00,2026-02-19 01:00:00,2026-02-19 07:00:00,17,1,0.3244,0.2954,0.3131,0.077,0.7372,2026-02-18,ensemble-v1-20260131
2026-02-18,2026-02-18 08:00:00,2026-02-19 02:00:00,2026-02-19 08:00:00,18,1,0.2927,0.2718,0.3097,0.0718,0.802,2026-02-18,ensemble-v1-20260131
2026-02-18,2026-02-18 08:00:00,2026-02-19 03:00:00,2026-02-19 09:00:00,19,1,0.193,0.1832,0.1901,0.005,0.6564,2026-02-18,ensemble-v1-20260131
2026-02-18,2026-02-18 08:00:00,2026-02-19 04:00:00,2026-02-19 10:00:00,20,1,0.2063,0.1937,0.1959,0.0027,0.7,2026-02-18,ensemble-v1-20260131
2026-02-18,2026-02-18 08:00:00,2026-02-19 05:00:00,2026-02-19 11:00:00,21,1,0.2425,0.2344,0.2474,0.0175,0.8098,2026-02-18,ensemble-v1-20260131
2026-02-18,2026-02-18 08:00:00,2026-02-19 06:00:00,2026-02-19 12:00:00,22,1,0.2059,0.2294,0.225,0.0347,0.792,2026-02-18,ensemble-v1-20260131
2026-02-18,2026-02-18 08:00:00,2026-02-19 07:00:00,2026-02-19 13:00:00,23,1,0.1946,0.2095,0.1981,0.0176,0.6248,2026-02-18,ensemble-v1-20260131
2026-02-18,2026-02-18 08:00:00,2026-02-19 08:00:00,2026-02-19 14:00:00,24,1,0.1727,0.1841,0.1895,0.0046,0.5214,2026-02-18,ensemble-v1-20260131
2026-02-18,2026-02-18 08:00:00,2026-02-19 09:00:00,2026-02-19 15:00:00,25,1,0.1156,0.1263,0.1225,0.0,0.3313,2026-02-18,ensemble-v1-20260131
2026-02-18,2026-02-18 08:00:00,2026-02-19 10:00:00,2026-02-19 16:00:00,26,1,0.1072,0.1101,0.1102,0.0,0.3497,2026-02-18,ensemble-v1-20260131
2026-02-18,2026-02-18 08:00:00,2026-02-19 11:00:00,2026-02-19 17:00:00,27,1,0.088,0.0958,0.0977,0.0,0.3032,2026-02-18,ensemble-v1-20260131
2026-02-18,2026-02-18 08:00:00,2026-02-19 12:00:00,2026-02-19 18:00:00,28,1,0.107,0.1121,0.1137,0.0,0.3466,2026-02-18,ensemble-v1-20260131
2026-02-18,2026-02-18 08:00:00,2026-02-19 13:00:00,2026-02-19 19:00:00,29,1,0.1019,0.0976,0.1226,0.0,0.3177,2026-02-18,ensemble-v1-20260131
2026-02-18,2026-02-18 08:00:00,2026-02-19 14:00:00,2026-02-19 20:00:00,30,1,0.0937,0.0828,0.0884,0.0,0.4023,2026-02-18,ensemble-v1-20260131
2026-02-18,2026-02-18 08:00:00,2026-02-19 15:00:00,2026-02-19 21:00:00,31,1,0.0661,0.0528,0.0491,0.0,0.3488,2026-02-18,ensemble-v1-20260131
2026-02-18,2026-02-18 08:00:00,2026-02-19 16:00:00,2026-02-19 22:00:00,32,1,0.093,0.0704,0.0907,0.0,0.4146,2026-02-18,ensemble-v1-20260131
2026-02-18,2026-02-18 08:00:00,2026-02-19 17:00:00,2026-02-19 23:00:00,33,1,0.2017,0.1885,0.2083,0.0,0.5955,2026-02-18,ensemble-v1-20260131
2026-02-18,2026-02-18 08:00:00,2026-02-19 18:00:00,2026-02-20 00:00:00,34,2,0.2691,0.2574,0.2564,0.0,0.6435,2026-02-18,ensemble-v1-20260131
2026-02-18,2026-02-18 08:00:00,2026-02-19 19:00:00,2026-02-20 01:00:00,35,2,0.3084,0.2818,0.2764,0.0024,0.8082,2026-02-18,ensemble-v1-20260131
2026-02-18,2026-02-18 08:00:00,2026-02-19 20:00:00,2026-02-20 02:00:00,36,2,0.38,0.3559,0.3478,0.0247,0.8936,2026-02-18,ensemble-v1-20260131
2026-02-18,2026-02-18 08:00:00,2026-02-19 21:00:00,2026-02-20 03:00:00,37,2,0.4853,0.4561,0.4747,0.0576,0.957,2026-02-18,ensemble-v1-20260131
2026-02-18,2026-02-18 08:00:00,2026-02-19 22:00:00,2026-02-20 04:00:00,38,2,0.5342,0.5009,0.4907,0.0635,0.9671,2026-02-18,ensemble-v1-20260131
2026-02-18,2026-02-18 08:00:00,2026-02-19 23:00:00,2026-02-20 05:00:00,39,2,0.5698,0.5295,0.5492,0.0801,0.972,2026-02-18,ensemble-v1-20260131
2026-02-18,2026-02-18 08:00:00,2026-02-20 00:00:00,2026-02-20 06:00:00,40,2,0.5675,0.5583,0.555,0.0812,0.976,2026-02-18,ensemble-v1-20260131
2026-02-18,2026-02-18 08:00:00,2026-02-20 01:00:00,2026-02-20 07:00:00,41,2,0.5758,0.609,0.5721,0.0955,0.9796,2026-02-18,ensemble-v1-20260131
2026-02-18,2026-02-18 08:00:00,2026-02-20 02:00:00,2026-02-20 08:00:00,42,2,0.4746,0.4606,0.4342,0.0608,0.9323,2026-02-18,ensemble-v1-20260131
2026-02-18,2026-02-18 08:00:00,2026-02-20 03:00:00,2026-02-20 09:00:00,43,2,0.3712,0.3747,0.3646,0.0131,0.8291,2026-02-18,ensemble-v1-20260131
2026-02-18,2026-02-18 08:00:00,2026-02-20 04:00:00,2026-02-20 10:00:00,44,2,0.2155,0.2462,0.2389,0.0113,0.6712,2026-02-18,ensemble-v1-20260131
2026-02-18,2026-02-18 08:00:00,2026-02-20 05:00:00,2026-02-20 11:00:00,45,2,0.1384,0.144,0.1528,0.0,0.5839,2026-02-18,ensemble-v1-20260131
2026-02-18,2026-02-18 08:00:00,2026-02-20 06:00:00,2026-02-20 12:00:00,46,2,0.0916,0.0894,0.0947,0.0,0.3788,2026-02-18,ensemble-v1-20260131
2026-02-18,2026-02-18 08:00:00,2026-02-20 07:00:00,2026-02-20 13:00:00,47,2,0.0785,0.0922,0.0866,0.0,0.3102,2026-02-18,ensemble-v1-20260131
2026-02-18,2026-02-18 08:00:00,2026-02-20 08:00:00,2026-02-20 14:00:00,48,2,0.0602,0.0562,0.064,0.0,0.331,2026-02-18,ensemble-v1-20260131
2026-02-18,2026-02-18 08:00:00,2026-02-20 09:00:00,2026-02-20 15:00:00,49,2,0.0696,0.051,0.0547,0.0,0.3273,2026-02-18,ensemble-v1-20260131
2026-02-18,2026-02-18 08:00:00,2026-02-20 10:00:00,2026-02-20 16:00:00,50,2,0.0633,0.0534,0.0571,0.0,0.4435,2026-02-18,ensemble-v1-20260131
2026-02-18,2026-02-18 08:00:00,2026-02-20 11:00:00,2026-02-20 17:00:00,51,2,0.1382,0.1248,0.1471,0.0,0.7139,2026-02-18,ensemble-v1-20260131
2026-02-18,2026-02-18 08:00:00,2026-02-20 12:00:00,2026-02-20 18:00:00,52,2,0.3299,0.3104,0.3156,0.0129,0.902,2026-02-18,ensemble-v1-20260131
2026-02-18,2026-02-18 08:00:00,2026-02-20 13:00:00,2026-02-20 19:00:00,53,2,0.5426,0.4755,0.4975,0.1038,0.9155,2026-02-18,ensemble-v1-20260131
2026-02-18,2026-02-18 08:00:00,2026-02-20 14:00:00,2026-02-20 20:00:00,54,2,0.6592,0.5733,0.6061,0.2853,0.9476,2026-02-18,ensemble-v1-20260131
2026-02-18,2026-02-18 08:00:00,2026-02-20 15:00:00,2026-02-20 21:00:00,55,2,0.805,0.6726,0.7117,0.4594,0.99,2026-02-18,ensemble-v1-20260131
2026-02-18,2026-02-18 08:00:00,2026-02-20 16:00:00,2026-02-20 22:00:00,56,2,0.7912,0.7117,0.7445,0.5376,0.99,2026-02-18,ensemble-v1-20260131
2026-02-18,2026-02-18 08:00:00,2026-02-20 17:00:00,2026-02-20 23:00:00,57,2,0.7586,0.6587,0.7168,0.4697,0.99,2026-02-18,ensemble-v1-20260131
2026-02-19,2026-02-19 08:00:00,2026-02-19 18:00:00,2026-02-20 00:00:00,10,1,0.2935,0.2596,0.2577,0.0207,0.8074,2026-02-19,ensemble-v1-20260131
2026-02-19,2026-02-19 08:00:00,2026-02-19 19:00:00,2026-02-20 01:00:00,11,1,0.3719,0.3444,0.3315,0.0271,0.872,2026-02-19,ensemble-v1-20260131
2026-02-19,2026-02-19 08:00:00,2026-02-19 20:00:00,2026-02-20 02:00:00,12,1,0.4252,0.4159,0.401,0.0425,0.9278,2026-02-19,ensemble-v1-20260131
2026-02-19,2026-02-19 08:00:00,2026-02-19 21:00:00,2026-02-20 03:00:00,13,1,0.4564,0.4259,0.4183,0.0527,0.9001,2026-02-19,ensemble-v1-20260131
2026-02-19,2026-02-19 08:00:00,2026-02-19 22:00:00,2026-02-20 04:00:00,14,1,0.4868,0.4639,0.446,0.0608,0.9135,2026-02-19,ensemble-v1-20260131
2026-02-19,2026-02-19 08:00:00,2026-02-19 23:00:00,2026-02-20 05:00:00,15,1,0.5294,0.4975,0.4652,0.0869,0.9455,2026-02-19,ensemble-v1-20260131
2026-02-19,2026-02-19 08:00:00,2026-02-20 00:00:00,2026-02-20 06:00:00,16,1,0.6012,0.5445,0.5567,0.1519,0.965,2026-02-19,ensemble-v1-20260131
2026-02-19,2026-02-19 08:00:00,2026-02-20 01:00:00,2026-02-20 07:00:00,17,1,0.6266,0.5526,0.6035,0.2638,0.986,2026-02-19,ensemble-v1-20260131
2026-02-19,2026-02-19 08:00:00,2026-02-20 02:00:00,2026-02-20 08:00:00,18,1,0.631,0.6257,0.6315,0.2558,0.9832,2026-02-19,ensemble-v1-20260131
2026-02-19,2026-02-19 08:00:00,2026-02-20 03:00:00,2026-02-20 09:00:00,19,1,0.5415,0.5617,0.5524,0.1851,0.9098,2026-02-19,ensemble-v1-20260131
2026-02-19,2026-02-19 08:00:00,2026-02-20 04:00:00,2026-02-20 10:00:00,20,1,0.3679,0.3719,0.3579,0.0658,0.8492,2026-02-19,ensemble-v1-20260131
2026-02-19,2026-02-19 08:00:00,2026-02-20 05:00:00,2026-02-20 11:00:00,21,1,0.2641,0.264,0.2504,0.0439,0.7508,2026-02-19,ensemble-v1-20260131
2026-02-19,2026-02-19 08:00:00,2026-02-20 06:00:00,2026-02-20 12:00:00,22,1,0.1996,0.1934,0.1852,0.0058,0.556,2026-02-19,ensemble-v1-20260131
2026-02-19,2026-02-19 08:00:00,2026-02-20 07:00:00,2026-02-20 13:00:00,23,1,0.1264,0.1264,0.1169,0.0,0.4219,2026-02-19,ensemble-v1-20260131
2026-02-19,2026-02-19 08:00:00,2026-02-20 08:00:00,2026-02-20 14:00:00,24,1,0.075,0.0885,0.0773,0.0,0.2614,2026-02-19,ensemble-v1-20260131
2026-02-19,2026-02-19 08:00:00,2026-02-20 09:00:00,2026-02-20 15:00:00,25,1,0.0531,0.0562,0.061,0.0,0.2578,2026-02-19,ensemble-v1-20260131
2026-02-19,2026-02-19 08:00:00,2026-02-20 10:00:00,2026-02-20 16:00:00,26,1,0.0605,0.0603,0.0552,0.0,0.2493,2026-02-19,ensemble-v1-20260131
2026-02-19,2026-02-19 08:00:00,2026-02-20 11:00:00,2026-02-20 17:00:00,27,1,0.0482,0.0508,0.0524,0.0,0.2191,2026-02-19,ensemble-v1-20260131
2026-02-19,2026-02-19 08:00:00,2026-02-20 12:00:00,2026-02-20 18:00:00,28,1,0.0566,0.0606,0.0477,0.0,0.3009,2026-02-19,ensemble-v1-20260131
2026-02-19,2026-02-19 08:00:00,2026-02-20 13:00:00,2026-02-20 19:00:00,29,1,0.1368,0.1419,0.165,0.0,0.5576,2026-02-19,ensemble-v1-20260131
2026-02-19,2026-02-19 08:00:00,2026-02-20 14:00:00,2026-02-20 20:00:00,30,1,0.2562,0.2179,0.272,0.0331,0.7956,2026-02-19,ensemble-v1-20260131
2026-02-19,2026-02-19 08:00:00,2026-02-20 15:00:00,2026-02-20 21:00:00,31,1,0.4957,0.4448,0.5049,0.1618,0.913,2026-02-19,ensemble-v1-20260131
2026-02-19,2026-02-19 08:00:00,2026-02-20 16:00:00,2026-02-20 22:00:00,32,1,0.679,0.5847,0.6437,0.2905,0.9818,2026-02-19,ensemble-v1-20260131
2026-02-19,2026-02-19 08:00:00,2026-02-20 17:00:00,2026-02-20 23:00:00,33,1,0.752,0.6775,0.6813,0.4662,0.99,2026-02-19,ensemble-v1-20260131
2026-02-19,2026-02-19 08:00:00,2026-02-20 18:00:00,2026-02-21 00:00:00,34,2,0.7558,0.7188,0.7192,0.4784,0.99,2026-02-19,ensemble-v1-20260131
2026-02-19,2026-02-19 08:00:00,2026-02-20 19:00:00,2026-02-21 01:00:00,35,2,0.7094,0.6248,0.6551,0.4655,0.99,2026-02-19,ensemble-v1-20260131
2026-02-19,2026-02-19 08:00:00,2026-02-20 20:00:00,2026-02-21 02:00:00,36,2,0.6457,0.5618,0.5962,0.4024,0.99,2026-02-19,ensemble-v1-20260131
2026-02-19,2026-02-19 08:00:00,2026-02-20 21:00:00,2026-02-21 03:00:00,37,2,0.525,0.4843,0.5143,0.3336,0.99,2026-02-19,ensemble-v1-20260131
2026-02-19,2026-02-19 08:00:00,2026-02-20 22:00:00,2026-02-21 04:00:00,38,2,0.4761,0.4258,0.4562,0.2402,0.9897,2026-02-19,ensemble-v1-20260131
2026-02-19,2026-02-19 08:00:00,2026-02-20 23:00:00,2026-02-21 05:00:00,39,2,0.3938,0.3515,0.3936,0.1511,0.9688,2026-02-19,ensemble-v1-20260131
2026-02-19,2026-02-19 08:00:00,2026-02-21 00:00:00,2026-02-21 06:00:00,40,2,0.353,0.3103,0.3456,0.1171,0.965,2026-02-19,ensemble-v1-20260131
2026-02-19,2026-02-19 08:00:00,2026-02-21 01:00:00,2026-02-21 07:00:00,41,2,0.3095,0.2906,0.3,0.0811,0.8663,2026-02-19,ensemble-v1-20260131
2026-02-19,2026-02-19 08:00:00,2026-02-21 02:00:00,2026-02-21 08:00:00,42,2,0.3018,0.2794,0.2951,0.0742,0.9132,2026-02-19,ensemble-v1-20260131
2026-02-19,2026-02-19 08:00:00,2026-02-21 03:00:00,2026-02-21 09:00:00,43,2,0.2771,0.2464,0.2731,0.0638,0.847,2026-02-19,ensemble-v1-20260131
2026-02-19,2026-02-19 08:00:00,2026-02-21 04:00:00,2026-02-21 10:00:00,44,2,0.2065,0.2074,0.1978,0.0094,0.7413,2026-02-19,ensemble-v1-20260131
2026-02-19,2026-02-19 08:00:00,2026-02-21 05:00:00,2026-02-21 11:00:00,45,2,0.3278,0.3455,0.3114,0.0882,0.99,2026-02-19,ensemble-v1-20260131
2026-02-19,2026-02-19 08:00:00,2026-02-21 06:00:00,2026-02-21 12:00:00,46,2,0.6793,0.641,0.6883,0.2358,0.99,2026-02-19,ensemble-v1-20260131
2026-02-19,2026-02-19 08:00:00,2026-02-21 07:00:00,2026-02-21 13:00:00,47,2,0.8614,0.8443,0.8657,0.3379,0.99,2026-02-19,ensemble-v1-20260131
2026-02-19,2026-02-19 08:00:00,2026-02-21 08:00:00,2026-02-21 14:00:00,48,2,0.8404,0.8274,0.8303,0.3225,0.99,2026-02-19,ensemble-v1-20260131
2026-02-19,2026-02-19 08:00:00,2026-02-21 09:00:00,2026-02-21 15:00:00,49,2,0.8071,0.8141,0.8309,0.5069,0.99,2026-02-19,ensemble-v1-20260131
2026-02-19,2026-02-19 08:00:00,2026-02-21 10:00:00,2026-02-21 16:00:00,50,2,0.6364,0.6527,0.6654,0.447,0.99,2026-02-19,ensemble-v1-20260131
2026-02-19,2026-02-19 08:00:00,2026-02-21 11:00:00,2026-02-21 17:00:00,51,2,0.4818,0.5084,0.5121,0.2019,0.9783,2026-02-19,ensemble-v1-20260131
2026-02-19,2026-02-19 08:00:00,2026-02-21 12:00:00,2026-02-21 18:00:00,52,2,0.4678,0.4434,0.461,0.2225,0.975,2026-02-19,ensemble-v1-20260131
2026-02-19,2026-02-19 08:00:00,2026-02-21 13:00:00,2026-02-21 19:00:00,53,2,0.6041,0.6,0.5787,0.305,0.99,2026-02-19,ensemble-v1-20260131
2026-02-19,2026-02-19 08:00:00,2026-02-21 14:00:00,2026-02-21 20:00:00,54,2,0.7008,0.7173,0.7194,0.4665,0.99,2026-02-19,ensemble-v1-20260131
2026-02-19,2026-02-19 08:00:00,2026-02-21 15:00:00,2026-02-21 21:00:00,55,2,0.8715,0.8753,0.8825,0.6482,0.99,2026-02-19,ensemble-v1-20260131
2026-02-19,2026-02-19 08:00:00,2026-02-21 16:00:00,2026-02-21 22:00:00,56,2,0.9368,0.9308,0.9163,0.6998,0.99,2026-02-19,ensemble-v1-20260131
2026-02-19,2026-02-19 08:00:00,2026-02-21 17:00:00,2026-02-21 23:00:00,57,2,0.8716,0.8709,0.8461,0.5065,0.9882,2026-02-19,ensemble-v1-20260131
2026-02-20,2026-02-20 08:00:00,2026-02-20 18:00:00,2026-02-21 00:00:00,10,1,0.7455,0.6794,0.7013,0.4131,0.99,2026-02-20,ensemble-v1-20260131
2026-02-20,2026-02-20 08:00:00,2026-02-20 19:00:00,2026-02-21 01:00:00,11,1,0.7634,0.6798,0.7151,0.4493,0.99,2026-02-20,ensemble-v1-20260131
2026-02-20,2026-02-20 08:00:00,2026-02-20 20:00:00,2026-02-21 02:00:00,12,1,0.7524,0.6836,0.7042,0.4064,0.99,2026-02-20,ensemble-v1-20260131
2026-02-20,2026-02-20 08:00:00,2026-02-20 21:00:00,2026-02-21 03:00:00,13,1,0.632,0.5839,0.6003,0.3561,0.99,2026-02-20,ensemble-v1-20260131
2026-02-20,2026-02-20 08:00:00,2026-02-20 22:00:00,2026-02-21 04:00:00,14,1,0.5021,0.4632,0.5125,0.2437,0.9769,2026-02-20,ensemble-v1-20260131
2026-02-20,2026-02-20 08:00:00,2026-02-20 23:00:00,2026-02-21 05:00:00,15,1,0.4117,0.3827,0.4266,0.2188,0.9534,2026-02-20,ensemble-v1-20260131
2026-02-20,2026-02-20 08:00:00,2026-02-21 00:00:00,2026-02-21 06:00:00,16,1,0.3892,0.3421,0.3838,0.1548,0.99,2026-02-20,ensemble-v1-20260131
2026-02-20,2026-02-20 08:00:00,2026-02-21 01:00:00,2026-02-21 07:00:00,17,1,0.2944,0.2481,0.2695,0.0993,0.9166,2026-02-20,ensemble-v1-20260131
2026-02-20,2026-02-20 08:00:00,2026-02-21 02:00:00,2026-02-21 08:00:00,18,1,0.2879,0.2545,0.2959,0.095,0.9068,2026-02-20,ensemble-v1-20260131
2026-02-20,2026-02-20 08:00:00,2026-02-21 03:00:00,2026-02-21 09:00:00,19,1,0.2798,0.234,0.2509,0.0533,0.881,2026-02-20,ensemble-v1-20260131
2026-02-20,2026-02-20 08:00:00,2026-02-21 04:00:00,2026-02-21 10:00:00,20,1,0.2228,0.197,0.2585,0.0191,0.9173,2026-02-20,ensemble-v1-20260131
2026-02-20,2026-02-20 08:00:00,2026-02-21 05:00:00,2026-02-21 11:00:00,21,1,0.3227,0.3375,0.3126,0.0705,0.9078,2026-02-20,ensemble-v1-20260131
2026-02-20,2026-02-20 08:00:00,2026-02-21 06:00:00,2026-02-21 12:00:00,22,1,0.8441,0.8544,0.8717,0.3494,0.99,2026-02-20,ensemble-v1-20260131
2026-02-20,2026-02-20 08:00:00,2026-02-21 07:00:00,2026-02-21 13:00:00,23,1,0.8981,0.8897,0.9024,0.4338,0.99,2026-02-20,ensemble-v1-20260131
2026-02-20,2026-02-20 08:00:00,2026-02-21 08:00:00,2026-02-21 14:00:00,24,1,0.8872,0.8835,0.8913,0.622,0.99,2026-02-20,ensemble-v1-20260131
2026-02-20,2026-02-20 08:00:00,2026-02-21 09:00:00,2026-02-21 15:00:00,25,1,0.7959,0.817,0.8341,0.5623,0.99,2026-02-20,ensemble-v1-20260131
2026-02-20,2026-02-20 08:00:00,2026-02-21 10:00:00,2026-02-21 16:00:00,26,1,0.7272,0.7314,0.7258,0.3996,0.9756,2026-02-20,ensemble-v1-20260131
2026-02-20,2026-02-20 08:00:00,2026-02-21 11:00:00,2026-02-21 17:00:00,27,1,0.58,0.5851,0.5948,0.2634,0.956,2026-02-20,ensemble-v1-20260131
2026-02-20,2026-02-20 08:00:00,2026-02-21 12:00:00,2026-02-21 18:00:00,28,1,0.51,0.5082,0.5284,0.1124,0.8903,2026-02-20,ensemble-v1-20260131
2026-02-20,2026-02-20 08:00:00,2026-02-21 13:00:00,2026-02-21 19:00:00,29,1,0.3798,0.3873,0.3779,0.057,0.8235,2026-02-20,ensemble-v1-20260131
2026-02-20,2026-02-20 08:00:00,2026-02-21 14:00:00,2026-02-21 20:00:00,30,1,0.3349,0.3156,0.3271,0.0653,0.8063,2026-02-20,ensemble-v1-20260131
2026-02-20,2026-02-20 08:00:00,2026-02-21 15:00:00,2026-02-21 21:00:00,31,1,0.3289,0.344,0.3453,0.0624,0.9071,2026-02-20,ensemble-v1-20260131
2026-02-20,2026-02-20 08:00:00,2026-02-21 16:00:00,2026-02-21 22:00:00,32,1,0.4788,0.4692,0.4801,0.2155,0.9635,2026-02-20,ensemble-v1-20260131
2026-02-20,2026-02-20 08:00:00,2026-02-21 17:00:00,2026-02-21 23:00:00,33,1,0.4727,0.4651,0.4548,0.1904,0.9511,2026-02-20,ensemble-v1-20260131
2026-02-20,2026-02-20 08:00:00,2026-02-21 18:00:00,2026-02-22 00:00:00,34,2,0.5694,0.5525,0.5457,0.2498,0.9564,2026-02-20,ensemble-v1-20260131
2026-02-20,2026-02-20 08:00:00,2026-02-21 19:00:00,2026-02-22 01:00:00,35,2,0.6186,0.5914,0.6116,0.2618,0.9626,2026-02-20,ensemble-v1-20260131
2026-02-20,2026-02-20 08:00:00,2026-02-21 20:00:00,2026-02-22 02:00:00,36,2,0.5226,0.5237,0.5049,0.1307,0.8509,2026-02-20,ensemble-v1-20260131
2026-02-20,2026-02-20 08:00:00,2026-02-21 21:00:00,2026-02-22 03:00:00,37,2,0.2958,0.2982,0.2971,0.0337,0.7321,2026-02-20,ensemble-v1-20260131
2026-02-20,2026-02-20 08:00:00,2026-02-21 22:00:00,2026-02-22 04:00:00,38,2,0.1258,0.1548,0.1418,0.0,0.5181,2026-02-20,ensemble-v1-20260131
2026-02-20,2026-02-20 08:00:00,2026-02-21 23:00:00,2026-02-22 05:00:00,39,2,0.0542,0.0417,0.0525,0.0,0.3761,2026-02-20,ensemble-v1-20260131
2026-02-20,2026-02-20 08:00:00,2026-02-22 00:00:00,2026-02-22 06:00:00,40,2,0.0586,0.0539,0.0456,0.0,0.3686,2026-02-20,ensemble-v1-20260131
2026-02-20,2026-02-20 08:00:00,2026-02-22 01:00:00,2026-02-22 07:00:00,41,2,0.0423,0.0424,0.0403,0.0,0.2597,2026-02-20,ensemble-v1-20260131
2026-02-20,2026-02-20 08:00:00,2026-02-22 02:00:00,2026-02-22 08:00:00,42,2,0.0407,0.0422,0.0416,0.0,0.1951,2026-02-20,ensemble-v1-20260131
2026-02-20,2026-02-20 08:00:00,2026-02-22 03:00:00,2026-02-22 09:00:00,43,2,0.037,0.0452,0.0399,0.0,0.2362,2026-02-20,ensemble-v1-20260131
2026-02-20,2026-02-20 08:00:00,2026-02-22 04:00:00,2026-02-22 10:00:00,44,2,0.0664,0.0565,0.0771,0.0,0.3322,2026-02-20,ensemble-v1-20260131
2026-02-20,2026-02-20 08:00:00,2026-02-22 05:00:00,2026-02-22 11:00:00,45,2,0.1398,0.1199,0.1218,0.0,0.5657,2026-02-20,ensemble-v1-20260131
2026-02-20,2026-02-20 08:00:00,2026-02-22 06:00:00,2026-02-22 12:00:00,46,2,0.2751,0.2281,0.222,0.0,0.7824,2026-02-20,ensemble-v1-20260131
2026-02-20,2026-02-20 08:00:00,2026-02-22 07:00:00,2026-02-22 13:00:00,47,2,0.4377,0.394,0.4084,0.0733,0.8853,2026-02-20,ensemble-v1-20260131
2026-02-20,2026-02-20 08:00:00,2026-02-22 08:00:00,2026-02-22 14:00:00,48,2,0.663,0.6338,0.6302,0.2716,0.9783,2026-02-20,ensemble-v1-20260131
2026-02-20,2026-02-20 08:00:00,2026-02-22 09:00:00,2026-02-22 15:00:00,49,2,0.7831,0.7661,0.7538,0.4731,0.99,2026-02-20,ensemble-v1-20260131
2026-02-20,2026-02-20 08:00:00,2026-02-22 10:00:00,2026-02-22 16:00:00,50,2,0.8037,0.774,0.7583,0.5545,0.99,2026-02-20,ensemble-v1-20260131
2026-02-20,2026-02-20 08:00:00,2026-02-22 11:00:00,2026-02-22 17:00:00,51,2,0.7755,0.7329,0.7368,0.447,0.99,2026-02-20,ensemble-v1-20260131
2026-02-20,2026-02-20 08:00:00,2026-02-22 12:00:00,2026-02-22 18:00:00,52,2,0.7479,0.6921,0.7147,0.4188,0.99,2026-02-20,ensemble-v1-20260131
2026-02-20,2026-02-20 08:00:00,2026-02-22 13:00:00,2026-02-22 19:00:00,53,2,0.6653,0.5949,0.6335,0.3327,0.99,2026-02-20,ensemble-v1-20260131
2026-02-20,2026-02-20 08:00:00,2026-02-22 14:00:00,2026-02-22 20:00:00,54,2,0.5689,0.5106,0.5353,0.2412,0.99,2026-02-20,ensemble-v1-20260131
2026-02-20,2026-02-20 08:00:00,2026-02-22 15:00:00,2026-02-22 21:00:00,55,2,0.4749,0.4264,0.4961,0.1692,0.9808,2026-02-20,ensemble-v1-20260131
2026-02-20,2026-02-20 08:00:00,2026-02-22 16:00:00,2026-02-22 22:00:00,56,2,0.4249,0.3648,0.3955,0.151,0.9483,2026-02-20,ensemble-v1-20260131
2026-02-20,2026-02-20 08:00:00,2026-02-22 17:00:00,2026-02-22 23:00:00,57,2,0.4675,0.4039,0.4277,0.144,0.99,2026-02-20,ensemble-v1-20260131
2026-02-21,2026-02-21 08:00:00,2026-02-21 18:00:00,2026-02-22 00:00:00,10,1,0.0848,0.0793,0.079,0.0,0.316,2026-02-21,ensemble-v1-20260131
2026-02-21,2026-02-21 08:00:00,2026-02-21 19:00:00,2026-02-22 01:00:00,11,1,0.0969,0.0879,0.081,0.0,0.2857,2026-02-21,ensemble-v1-20260131
2026-02-21,2026-02-21 08:00:00,2026-02-21 20:00:00,2026-02-22 02:00:00,12,1,0.0616,0.059,0.0519,0.0,0.2508,2026-02-21,ensemble-v1-20260131
2026-02-21,2026-02-21 08:00:00,2026-02-21 21:00:00,2026-02-22 03:00:00,13,1,0.0485,0.0487,0.0424,0.0,0.1657,2026-02-21,ensemble-v1-20260131
2026-02-21,2026-02-21 08:00:00,2026-02-21 22:00:00,2026-02-22 04:00:00,14,1,0.0587,0.0488,0.0355,0.0,0.1547,2026-02-21,ensemble-v1-20260131
2026-02-21,2026-02-21 08:00:00,2026-02-21 23:00:00,2026-02-22 05:00:00,15,1,0.0361,0.0423,0.0298,0.0,0.1096,2026-02-21,ensemble-v1-20260131
2026-02-21,2026-02-21 08:00:00,2026-02-22 00:00:00,2026-02-22 06:00:00,16,1,0.0403,0.0463,0.0393,0.0,0.1582,2026-02-21,ensemble-v1-20260131
2026-02-21,2026-02-21 08:00:00,2026-02-22 01:00:00,2026-02-22 07:00:00,17,1,0.0526,0.0522,0.0592,0.0,0.1374,2026-02-21,ensemble-v1-20260131
2026-02-21,2026-02-21 08:00:00,2026-02-22 02:00:00,2026-02-22 08:00:00,18,1,0.1612,0.1445,0.191,0.0,0.4499,2026-02-21,ensemble-v1-20260131
2026-02-21,2026-02-21 08:00:00,2026-02-22 03:00:00,2026-02-22 09:00:00,19,1,0.2336,0.2164,0.2747,0.0436,0.7478,2026-02-21,ensemble-v1-20260131
2026-02-21,2026-02-21 08:00:00,2026-02-22 04:00:00,2026-02-22 10:00:00,20,1,0.4125,0.3899,0.4146,0.1375,0.9259,2026-02-21,ensemble-v1-20260131
2026-02-21,2026-02-21 08:00:00,2026-02-22 05:00:00,2026-02-22 11:00:00,21,1,0.638,0.6256,0.6272,0.2916,0.9814,2026-02-21,ensemble-v1-20260131
2026-02-21,2026-02-21 08:00:00,2026-02-22 06:00:00,2026-02-22 12:00:00,22,1,0.6942,0.6721,0.6908,0.3172,0.99,2026-02-21,ensemble-v1-20260131
2026-02-21,2026-02-21 08:00:00,2026-02-22 07:00:00,2026-02-22 13:00:00,23,1,0.8518,0.7939,0.8186,0.5446,0.99,2026-02-21,ensemble-v1-20260131
2026-02-21,2026-02-21 08:00:00,2026-02-22 08:00:00,2026-02-22 14:00:00,24,1,0.8576,0.8169,0.8374,0.7032,0.9894,2026-02-21,ensemble-v1-20260131
2026-02-21,2026-02-21 08:00:00,2026-02-22 09:00:00,2026-02-22 15:00:00,25,1,0.8398,0.8025,0.8191,0.7498,0.9872,2026-02-21,ensemble-v1-20260131
2026-02-21,2026-02-21 08:00:00,2026-02-22 10:00:00,2026-02-22 16:00:00,26,1,0.8097,0.7672,0.7791,0.5792,0.9897,2026-02-21,ensemble-v1-20260131
2026-02-21,2026-02-21 08:00:00,2026-02-22 11:00:00,2026-02-22 17:00:00,27,1,0.7734,0.7241,0.7367,0.4628,0.99,2026-02-21,ensemble-v1-20260131
2026-02-21,2026-02-21 08:00:00,2026-02-22 12:00:00,2026-02-22 18:00:00,28,1,0.7223,0.6633,0.7165,0.4397,0.99,2026-02-21,ensemble-v1-20260131
2026-02-21,2026-02-21 08:00:00,2026-02-22 13:00:00,2026-02-22 19:00:00,29,1,0.4869,0.4655,0.5179,0.206,0.99,2026-02-21,ensemble-v1-20260131
2026-02-21,2026-02-21 08:00:00,2026-02-22 14:00:00,2026-02-22 20:00:00,30,1,0.3594,0.3014,0.3387,0.0616,0.8411,2026-02-21,ensemble-v1-20260131
2026-02-21,2026-02-21 08:00:00,2026-02-22 15:00:00,2026-02-22 21:00:00,31,1,0.2734,0.2342,0.2686,0.0128,0.7199,2026-02-21,ensemble-v1-20260131
2026-02-21,2026-02-21 08:00:00,2026-02-22 16:00:00,2026-02-22 22:00:00,32,1,0.2307,0.1922,0.2287,0.0005,0.7071,2026-02-21,ensemble-v1-20260131
2026-02-21,2026-02-21 08:00:00,2026-02-22 17:00:00,2026-02-22 23:00:00,33,1,0.1546,0.1345,0.1625,0.0,0.7415,2026-02-21,ensemble-v1-20260131
2026-02-21,2026-02-21 08:00:00,2026-02-22 18:00:00,2026-02-23 00:00:00,34,2,0.2705,0.2343,0.2711,0.0592,0.8857,2026-02-21,ensemble-v1-20260131
2026-02-21,2026-02-21 08:00:00,2026-02-22 19:00:00,2026-02-23 01:00:00,35,2,0.2911,0.2188,0.2405,0.0438,0.854,2026-02-21,ensemble-v1-20260131
2026-02-21,2026-02-21 08:00:00,2026-02-22 20:00:00,2026-02-23 02:00:00,36,2,0.2584,0.2067,0.2159,0.0,0.7609,2026-02-21,ensemble-v1-20260131
2026-02-21,2026-02-21 08:00:00,2026-02-22 21:00:00,2026-02-23 03:00:00,37,2,0.1727,0.1317,0.1461,0.0,0.667,2026-02-21,ensemble-v1-20260131
2026-02-21,2026-02-21 08:00:00,2026-02-22 22:00:00,2026-02-23 04:00:00,38,2,0.0857,0.064,0.0767,0.0,0.364,2026-02-21,ensemble-v1-20260131
2026-02-21,2026-02-21 08:00:00,2026-02-22 23:00:00,2026-02-23 05:00:00,39,2,0.0868,0.0547,0.0597,0.0,0.3368,2026-02-21,ensemble-v1-20260131
2026-02-21,2026-02-21 08:00:00,2026-02-23 00:00:00,2026-02-23 06:00:00,40,2,0.0788,0.0564,0.0712,0.0,0.3313,2026-02-21,ensemble-v1-20260131
2026-02-21,2026-02-21 08:00:00,2026-02-23 01:00:00,2026-02-23 07:00:00,41,2,0.0896,0.0721,0.0879,0.0,0.3549,2026-02-21,ensemble-v1-20260131
2026-02-21,2026-02-21 08:00:00,2026-02-23 02:00:00,2026-02-23 08:00:00,42,2,0.0755,0.0711,0.0726,0.0,0.3188,2026-02-21,ensemble-v1-20260131
2026-02-21,2026-02-21 08:00:00,2026-02-23 03:00:00,2026-02-23 09:00:00,43,2,0.073,0.0571,0.0625,0.0,0.3653,2026-02-21,ensemble-v1-20260131
2026-02-21,2026-02-21 08:00:00,2026-02-23 04:00:00,2026-02-23 10:00:00,44,2,0.0476,0.0601,0.056,0.0,0.2856,2026-02-21,ensemble-v1-20260131
2026-02-21,2026-02-21 08:00:00,2026-02-23 05:00:00,2026-02-23 11:00:00,45,2,0.079,0.0721,0.0762,0.0,0.4092,2026-02-21,ensemble-v1-20260131
2026-02-21,2026-02-21 08:00:00,2026-02-23 06:00:00,2026-02-23 12:00:00,46,2,0.195,0.201,0.2087,0.0069,0.6364,2026-02-21,ensemble-v1-20260131
2026-02-21,2026-02-21 08:00:00,2026-02-23 07:00:00,2026-02-23 13:00:00,47,2,0.301,0.2802,0.2983,0.0171,0.8284,2026-02-21,ensemble-v1-20260131
2026-02-21,2026-02-21 08:00:00,2026-02-23 08:00:00,2026-02-23 14:00:00,48,2,0.4212,0.3886,0.4248,0.0917,0.9212,2026-02-21,ensemble-v1-20260131
2026-02-21,2026-02-21 08:00:00,2026-02-23 09:00:00,2026-02-23 15:00:00,49,2,0.5506,0.5188,0.5495,0.2872,0.9662,2026-02-21,ensemble-v1-20260131
2026-02-21,2026-02-21 08:00:00,2026-02-23 10:00:00,2026-02-23 16:00:00,50,2,0.6287,0.6236,0.6337,0.3869,0.9795,2026-02-21,ensemble-v1-20260131
2026-02-21,2026-02-21 08:00:00,2026-02-23 11:00:00,2026-02-23 17:00:00,51,2,0.6585,0.6679,0.6762,0.3693,0.9868,2026-02-21,ensemble-v1-20260131
2026-02-21,2026-02-21 08:00:00,2026-02-23 12:00:00,2026-02-23 18:00:00,52,2,0.6371,0.6374,0.6548,0.1967,0.9776,2026-02-21,ensemble-v1-20260131
2026-02-21,2026-02-21 08:00:00,2026-02-23 13:00:00,2026-02-23 19:00:00,53,2,0.7049,0.7345,0.7164,0.2437,0.99,2026-02-21,ensemble-v1-20260131
2026-02-21,2026-02-21 08:00:00,2026-02-23 14:00:00,2026-02-23 20:00:00,54,2,0.8028,0.8116,0.8023,0.3361,0.99,2026-02-21,ensemble-v1-20260131
2026-02-21,2026-02-21 08:00:00,2026-02-23 15:00:00,2026-02-23 21:00:00,55,2,0.8468,0.8358,0.852,0.4059,0.99,2026-02-21,ensemble-v1-20260131
2026-02-21,2026-02-21 08:00:00,2026-02-23 16:00:00,2026-02-23 22:00:00,56,2,0.8826,0.8675,0.8782,0.484,0.99,2026-02-21,ensemble-v1-20260131
2026-02-21,2026-02-21 08:00:00,2026-02-23 17:00:00,2026-02-23 23:00:00,57,2,0.839,0.8242,0.8255,0.3776,0.99,2026-02-21,ensemble-v1-20260131
2026-02-22,2026-02-22 08:00:00,2026-02-22 18:00:00,2026-02-23 00:00:00,10,1,0.0779,0.0724,0.0757,0.0,0.265,2026-02-22,ensemble-v1-20260131
2026-02-22,2026-02-22 08:00:00,2026-02-22 19:00:00,2026-02-23 01:00:00,11,1,0.0917,0.0864,0.0784,0.0,0.2595,2026-02-22,ensemble-v1-20260131
2026-02-22,2026-02-22 08:00:00,2026-02-22 20:00:00,2026-02-23 02:00:00,12,1,0.0613,0.0763,0.0709,0.0,0.256,2026-02-22,ensemble-v1-20260131
2026-02-22,2026-02-22 08:00:00,2026-02-22 21:00:00,2026-02-23 03:00:00,13,1,0.0522,0.0563,0.0433,0.0,0.1438,2026-02-22,ensemble-v1-20260131
2026-02-22,2026-02-22 08:00:00,2026-02-22 22:00:00,2026-02-23 04:00:00,14,1,0.0605,0.0439,0.0453,0.0,0.148,2026-02-22,ensemble-v1-20260131
2026-02-22,2026-02-22 08:00:00,2026-02-22 23:00:00,2026-02-23 05:00:00,15,1,0.0517,0.0512,0.0534,0.0,0.1551,2026-02-22,ensemble-v1-20260131
2026-02-22,2026-02-22 08:00:00,2026-02-23 00:00:00,2026-02-23 06:00:00,16,1,0.0545,0.0335,0.0401,0.0,0.2116,2026-02-22,ensemble-v1-20260131
2026-02-22,2026-02-22 08:00:00,2026-02-23 01:00:00,2026-02-23 07:00:00,17,1,0.0673,0.0432,0.041,0.0,0.266,2026-02-22,ensemble-v1-20260131
2026-02-22,2026-02-22 08:00:00,2026-02-23 02:00:00,2026-02-23 08:00:00,18,1,0.079,0.0623,0.071,0.0,0.2597,2026-02-22,ensemble-v1-20260131
2026-02-22,2026-02-22 08:00:00,2026-02-23 03:00:00,2026-02-23 09:00:00,19,1,0.0871,0.0694,0.0816,0.0,0.2289,2026-02-22,ensemble-v1-20260131
2026-02-22,2026-02-22 08:00:00,2026-02-23 04:00:00,2026-02-23 10:00:00,20,1,0.0888,0.0836,0.0843,0.0,0.3724,2026-02-22,ensemble-v1-20260131
2026-02-22,2026-02-22 08:00:00,2026-02-23 05:00:00,2026-02-23 11:00:00,21,1,0.127,0.1122,0.1236,0.0,0.4104,2026-02-22,ensemble-v1-20260131
2026-02-22,2026-02-22 08:00:00,2026-02-23 06:00:00,2026-02-23 12:00:00,22,1,0.1843,0.163,0.1513,0.001,0.5114,2026-02-22,ensemble-v1-20260131
2026-02-22,2026-02-22 08:00:00,2026-02-23 07:00:00,2026-02-23 13:00:00,23,1,0.256,0.2618,0.2668,0.0336,0.7076,2026-02-22,ensemble-v1-20260131
2026-02-22,2026-02-22 08:00:00,2026-02-23 08:00:00,2026-02-23 14:00:00,24,1,0.3626,0.3494,0.3807,0.0713,0.835,2026-02-22,ensemble-v1-20260131
2026-02-22,2026-02-22 08:00:00,2026-02-23 09:00:00,2026-02-23 15:00:00,25,1,0.4925,0.4719,0.4652,0.1206,0.8967,2026-02-22,ensemble-v1-20260131
2026-02-22,2026-02-22 08:00:00,2026-02-23 10:00:00,2026-02-23 16:00:00,26,1,0.599,0.5662,0.5917,0.2282,0.9732,2026-02-22,ensemble-v1-20260131
2026-02-22,2026-02-22 08:00:00,2026-02-23 11:00:00,2026-02-23 17:00:00,27,1,0.7298,0.7082,0.715,0.3889,0.99,2026-02-22,ensemble-v1-20260131
2026-02-22,2026-02-22 08:00:00,2026-02-23 12:00:00,2026-02-23 18:00:00,28,1,0.7983,0.7951,0.7837,0.4617,0.99,2026-02-22,ensemble-v1-20260131
2026-02-22,2026-02-22 08:00:00,2026-02-23 13:00:00,2026-02-23 19:00:00,29,1,0.8697,0.863,0.861,0.5303,0.99,2026-02-22,ensemble-v1-20260131
2026-02-22,2026-02-22 08:00:00,2026-02-23 14:00:00,2026-02-23 20:00:00,30,1,0.8697,0.862,0.8467,0.4988,0.99,2026-02-22,ensemble-v1-20260131
2026-02-22,2026-02-22 08:00:00,2026-02-23 15:00:00,2026-02-23 21:00:00,31,1,0.9002,0.8817,0.8923,0.5543,0.99,2026-02-22,ensemble-v1-20260131
2026-02-22,2026-02-22 08:00:00,2026-02-23 16:00:00,2026-02-23 22:00:00,32,1,0.9136,0.9054,0.9025,0.7471,0.99,2026-02-22,ensemble-v1-20260131
2026-02-22,2026-02-22 08:00:00,2026-02-23 17:00:00,2026-02-23 23:00:00,33,1,0.9404,0.9203,0.9062,0.7345,0.99,2026-02-22,ensemble-v1-20260131
2026-02-22,2026-02-22 08:00:00,2026-02-23 18:00:00,2026-02-24 00:00:00,34,2,0.9237,0.8969,0.892,0.7241,0.99,2026-02-22,ensemble-v1-20260131
2026-02-22,2026-02-22 08:00:00,2026-02-23 19:00:00,2026-02-24 01:00:00,35,2,0.8995,0.8873,0.8765,0.7204,0.99,2026-02-22,ensemble-v1-20260131
2026-02-22,2026-02-22 08:00:00,2026-02-23 20:00:00,2026-02-24 02:00:00,36,2,0.7944,0.7971,0.7928,0.6439,0.99,2026-02-22,ensemble-v1-20260131
2026-02-22,2026-02-22 08:00:00,2026-02-23 21:00:00,2026-02-24 03:00:00,37,2,0.7315,0.7523,0.7359,0.5124,0.9889,2026-02-22,ensemble-v1-20260131
2026-02-22,2026-02-22 08:00:00,2026-02-23 22:00:00,2026-02-24 04:00:00,38,2,0.7379,0.7431,0.7418,0.5227,0.9899,2026-02-22,ensemble-v1-20260131
2026-02-22,2026-02-22 08:00:00,2026-02-23 23:00:00,2026-02-24 05:00:00,39,2,0.7496,0.7425,0.7378,0.515,0.99,2026-02-22,ensemble-v1-20260131
2026-02-22,2026-02-22 08:00:00,2026-02-24 00:00:00,2026-02-24 06:00:00,40,2,0.7225,0.7384,0.7184,0.4636,0.99,2026-02-22,ensemble-v1-20260131
2026-02-22,2026-02-22 08:00:00,2026-02-24 01:00:00,2026-02-24 07:00:00,41,2,0.6854,0.6994,0.6961,0.4422,0.9884,2026-02-22,ensemble-v1-20260131
2026-02-22,2026-02-22 08:00:00,2026-02-24 02:00:00,2026-02-24 08:00:00,42,2,0.6505,0.6674,0.6562,0.3564,0.9802,2026-02-22,ensemble-v1-20260131
2026-02-22,2026-02-22 08:00:00,2026-02-24 03:00:00,2026-02-24 09:00:00,43,2,0.5368,0.5271,0.54,0.2611,0.9605,2026-02-22,ensemble-v1-20260131
2026-02-22,2026-02-22 08:00:00,2026-02-24 04:00:00,2026-02-24 10:00:00,44,2,0.4707,0.4583,0.4666,0.1909,0.9231,2026-02-22,ensemble-v1-20260131
2026-02-22,2026-02-22 08:00:00,2026-02-24 05:00:00,2026-02-24 11:00:00,45,2,0.4076,0.4094,0.3966,0.1343,0.8727,2026-02-22,ensemble-v1-20260131
2026-02-22,2026-02-22 08:00:00,2026-02-24 06:00:00,2026-02-24 12:00:00,46,2,0.3724,0.3722,0.3695,0.0347,0.8241,2026-02-22,ensemble-v1-20260131
2026-02-22,2026-02-22 08:00:00,2026-02-24 07:00:00,2026-02-24 13:00:00,47,2,0.3159,0.3232,0.3105,0.0143,0.8008,2026-02-22,ensemble-v1-20260131
2026-02-22,2026-02-22 08:00:00,2026-02-24 08:00:00,2026-02-24 14:00:00,48,2,0.2849,0.2884,0.2659,0.0,0.7529,2026-02-22,ensemble-v1-20260131
2026-02-22,2026-02-22 08:00:00,2026-02-24 09:00:00,2026-02-24 15:00:00,49,2,0.2541,0.2543,0.2393,0.0,0.7238,2026-02-22,ensemble-v1-20260131
2026-02-22,2026-02-22 08:00:00,2026-02-24 10:00:00,2026-02-24 16:00:00,50,2,0.2394,0.2306,0.2178,0.0,0.7074,2026-02-22,ensemble-v1-20260131
2026-02-22,2026-02-22 08:00:00,2026-02-24 11:00:00,2026-02-24 17:00:00,51,2,0.1848,0.1932,0.1887,0.0,0.6387,2026-02-22,ensemble-v1-20260131
2026-02-22,2026-02-22 08:00:00,2026-02-24 12:00:00,2026-02-24 18:00:00,52,2,0.0885,0.0942,0.0754,0.0,0.4028,2026-02-22,ensemble-v1-20260131
2026-02-22,2026-02-22 08:00:00,2026-02-24 13:00:00,2026-02-24 19:00:00,53,2,0.0717,0.0624,0.0645,0.0,0.3984,2026-02-22,ensemble-v1-20260131
2026-02-22,2026-02-22 08:00:00,2026-02-24 14:00:00,2026-02-24 20:00:00,54,2,0.0745,0.0708,0.0618,0.0,0.4267,2026-02-22,ensemble-v1-20260131
2026-02-22,2026-02-22 08:00:00,2026-02-24 15:00:00,2026-02-24 21:00:00,55,2,0.0408,0.053,0.0427,0.0,0.4391,2026-02-22,ensemble-v1-20260131
2026-02-22,2026-02-22 08:00:00,2026-02-24 16:00:00,2026-02-24 22:00:00,56,2,0.0346,0.0337,0.0334,0.0,0.2783,2026-02-22,ensemble-v1-20260131
2026-02-22,2026-02-22 08:00:00,2026-02-24 17:00:00,2026-02-24 23:00:00,57,2,0.0537,0.0418,0.0391,0.0,0.2023,2026-02-22,ensemble-v1-20260131
2026-02-23,2026-02-23 08:00:00,2026-02-23 18:00:00,2026-02-24 00:00:00,10,1,0.8884,0.8819,0.8807,0.7422,0.99,2026-02-23,ensemble-v1-20260131
2026-02-23,2026-02-23 08:00:00,2026-02-23 19:00:00,2026-02-24 01:00:00,11,1,0.833,0.8436,0.8423,0.7483,0.99,2026-02-23,ensemble-v1-20260131
2026-02-23,2026-02-23 08:00:00,2026-02-23 20:00:00,2026-02-24 02:00:00,12,1,0.7677,0.7564,0.7509,0.5972,0.99,2026-02-23,ensemble-v1-20260131
2026-02-23,2026-02-23 08:00:00,2026-02-23 21:00:00,2026-02-24 03:00:00,13,1,0.6752,0.6692,0.6685,0.3748,0.9881,2026-02-23,ensemble-v1-20260131
2026-02-23,2026-02-23 08:00:00,2026-02-23 22:00:00,2026-02-24 04:00:00,14,1,0.6763,0.6614,0.6777,0.3841,0.9851,2026-02-23,ensemble-v1-20260131
2026-02-23,2026-02-23 08:00:00,2026-02-23 23:00:00,2026-02-24 05:00:00,15,1,0.6208,0.6112,0.6228,0.371,0.9824,2026-02-23,ensemble-v1-20260131
2026-02-23,2026-02-23 08:00:00,2026-02-24 00:00:00,2026-02-24 06:00:00,16,1,0.5157,0.5149,0.5306,0.2752,0.9434,2026-02-23,ensemble-v1-20260131
2026-02-23,2026-02-23 08:00:00,2026-02-24 01:00:00,2026-02-24 07:00:00,17,1,0.5145,0.5059,0.509,0.2584,0.9506,2026-02-23,ensemble-v1-20260131
2026-02-23,2026-02-23 08:00:00,2026-02-24 02:00:00,2026-02-24 08:00:00,18,1,0.4828,0.4747,0.4852,0.2323,0.9316,2026-02-23,ensemble-v1-20260131
2026-02-23,2026-02-23 08:00:00,2026-02-24 03:00:00,2026-02-24 09:00:00,19,1,0.4606,0.4477,0.4614,0.2069,0.9282,2026-02-23,ensemble-v1-20260131
2026-02-23,2026-02-23 08:00:00,2026-02-24 04:00:00,2026-02-24 10:00:00,20,1,0.444,0.4361,0.437,0.1979,0.9379,2026-02-23,ensemble-v1-20260131
2026-02-23,2026-02-23 08:00:00,2026-02-24 05:00:00,2026-02-24 11:00:00,21,1,0.4499,0.4436,0.444,0.1999,0.9332,2026-02-23,ensemble-v1-20260131
2026-02-23,2026-02-23 08:00:00,2026-02-24 06:00:00,2026-02-24 12:00:00,22,1,0.458,0.4644,0.4719,0.1929,0.9035,2026-02-23,ensemble-v1-20260131
2026-02-23,2026-02-23 08:00:00,2026-02-24 07:00:00,2026-02-24 13:00:00,23,1,0.4493,0.4423,0.4567,0.1647,0.872,2026-02-23,ensemble-v1-20260131
2026-02-23,2026-02-23 08:00:00,2026-02-24 08:00:00,2026-02-24 14:00:00,24,1,0.424,0.4315,0.4272,0.1471,0.8506,2026-02-23,ensemble-v1-20260131
2026-02-23,2026-02-23 08:00:00,2026-02-24 09:00:00,2026-02-24 15:00:00,25,1,0.3784,0.362,0.3647,0.0725,0.8086,2026-02-23,ensemble-v1-20260131
2026-02-23,2026-02-23 08:00:00,2026-02-24 10:00:00,2026-02-24 16:00:00,26,1,0.3239,0.3161,0.3257,0.0657,0.7986,2026-02-23,ensemble-v1-20260131
2026-02-23,2026-02-23 08:00:00,2026-02-24 11:00:00,2026-02-24 17:00:00,27,1,0.2934,0.2677,0.2801,0.019,0.7478,2026-02-23,ensemble-v1-20260131
2026-02-23,2026-02-23 08:00:00,2026-02-24 12:00:00,2026-02-24 18:00:00,28,1,0.1802,0.2086,0.1879,0.0002,0.6478,2026-02-23,ensemble-v1-20260131
2026-02-23,2026-02-23 08:00:00,2026-02-24 13:00:00,2026-02-24 19:00:00,29,1,0.1917,0.1937,0.1792,0.0,0.5678,2026-02-23,ensemble-v1-20260131
2026-02-23,2026-02-23 08:00:00,2026-02-24 14:00:00,2026-02-24 20:00:00,30,1,0.1328,0.1274,0.1321,0.0,0.5191,2026-02-23,ensemble-v1-20260131
2026-02-23,2026-02-23 08:00:00,2026-02-24 15:00:00,2026-02-24 21:00:00,31,1,0.0743,0.0813,0.0761,0.0,0.4285,2026-02-23,ensemble-v1-20260131
2026-02-23,2026-02-23 08:00:00,2026-02-24 16:00:00,2026-02-24 22:00:00,32,1,0.0629,0.0755,0.0529,0.0,0.3657,2026-02-23,ensemble-v1-20260131
2026-02-23,2026-02-23 08:00:00,2026-02-24 17:00:00,2026-02-24 23:00:00,33,1,0.0559,0.0663,0.0553,0.0,0.485,2026-02-23,ensemble-v1-20260131
2026-02-23,2026-02-23 08:00:00,2026-02-24 18:00:00,2026-02-25 00:00:00,34,2,0.0286,0.0285,0.0262,0.0,0.2024,2026-02-23,ensemble-v1-20260131
2026-02-23,2026-02-23 08:00:00,2026-02-24 19:00:00,2026-02-25 01:00:00,35,2,0.0288,0.0454,0.0377,0.0,0.1823,2026-02-23,ensemble-v1-20260131
2026-02-23,2026-02-23 08:00:00,2026-02-24 20:00:00,2026-02-25 02:00:00,36,2,0.0763,0.0648,0.0587,0.0,0.2442,2026-02-23,ensemble-v1-20260131
2026-02-23,2026-02-23 08:00:00,2026-02-24 21:00:00,2026-02-25 03:00:00,37,2,0.0976,0.071,0.0672,0.0,0.2818,2026-02-23,ensemble-v1-20260131
2026-02-23,2026-02-23 08:00:00,2026-02-24 22:00:00,2026-02-25 04:00:00,38,2,0.1183,0.0836,0.1008,0.0,0.3954,2026-02-23,ensemble-v1-20260131
2026-02-23,2026-02-23 08:00:00,2026-02-24 23:00:00,2026-02-25 05:00:00,39,2,0.1494,0.128,0.1221,0.0,0.4815,2026-02-23,ensemble-v1-20260131
2026-02-23,2026-02-23 08:00:00,2026-02-25 00:00:00,2026-02-25 06:00:00,40,2,0.2073,0.1964,0.1778,0.0,0.6454,2026-02-23,ensemble-v1-20260131
2026-02-23,2026-02-23 08:00:00,2026-02-25 01:00:00,2026-02-25 07:00:00,41,2,0.235,0.2455,0.2367,0.0,0.7649,2026-02-23,ensemble-v1-20260131
2026-02-23,2026-02-23 08:00:00,2026-02-25 02:00:00,2026-02-25 08:00:00,42,2,0.3209,0.3131,0.3009,0.006,0.796,2026-02-23,ensemble-v1-20260131
2026-02-23,2026-02-23 08:00:00,2026-02-25 03:00:00,2026-02-25 09:00:00,43,2,0.3625,0.3639,0.3601,0.0777,0.9141,2026-02-23,ensemble-v1-20260131
2026-02-23,2026-02-23 08:00:00,2026-02-25 04:00:00,2026-02-25 10:00:00,44,2,0.4621,0.4611,0.4464,0.1135,0.9187,2026-02-23,ensemble-v1-20260131
2026-02-23,2026-02-23 08:00:00,2026-02-25 05:00:00,2026-02-25 11:00:00,45,2,0.4914,0.5003,0.4888,0.1644,0.9113,2026-02-23,ensemble-v1-20260131
2026-02-23,2026-02-23 08:00:00,2026-02-25 06:00:00,2026-02-25 12:00:00,46,2,0.4921,0.4697,0.476,0.2665,0.99,2026-02-23,ensemble-v1-20260131
2026-02-23,2026-02-23 08:00:00,2026-02-25 07:00:00,2026-02-25 13:00:00,47,2,0.3571,0.3526,0.3773,0.1726,0.9547,2026-02-23,ensemble-v1-20260131
2026-02-23,2026-02-23 08:00:00,2026-02-25 08:00:00,2026-02-25 14:00:00,48,2,0.3262,0.3144,0.3466,0.1438,0.9121,2026-02-23,ensemble-v1-20260131
2026-02-23,2026-02-23 08:00:00,2026-02-25 09:00:00,2026-02-25 15:00:00,49,2,0.284,0.2794,0.3008,0.0819,0.8349,2026-02-23,ensemble-v1-20260131
2026-02-23,2026-02-23 08:00:00,2026-02-25 10:00:00,2026-02-25 16:00:00,50,2,0.2669,0.2718,0.2656,0.0511,0.7973,2026-02-23,ensemble-v1-20260131
2026-02-23,2026-02-23 08:00:00,2026-02-25 11:00:00,2026-02-25 17:00:00,51,2,0.2689,0.2715,0.2737,0.0335,0.7937,2026-02-23,ensemble-v1-20260131
2026-02-23,2026-02-23 08:00:00,2026-02-25 12:00:00,2026-02-25 18:00:00,52,2,0.3065,0.2747,0.3262,0.0385,0.8611,2026-02-23,ensemble-v1-20260131
2026-02-23,2026-02-23 08:00:00,2026-02-25 13:00:00,2026-02-25 19:00:00,53,2,0.3953,0.3619,0.3885,0.054,0.9151,2026-02-23,ensemble-v1-20260131
2026-02-23,2026-02-23 08:00:00,2026-02-25 14:00:00,2026-02-25 20:00:00,54,2,0.3952,0.3421,0.3754,0.0653,0.9088,2026-02-23,ensemble-v1-20260131
2026-02-23,2026-02-23 08:00:00,2026-02-25 15:00:00,2026-02-25 21:00:00,55,2,0.4374,0.3942,0.4311,0.1006,0.9625,2026-02-23,ensemble-v1-20260131
2026-02-23,2026-02-23 08:00:00,2026-02-25 16:00:00,2026-02-25 22:00:00,56,2,0.5775,0.5187,0.547,0.1702,0.99,2026-02-23,ensemble-v1-20260131
2026-02-23,2026-02-23 08:00:00,2026-02-25 17:00:00,2026-02-25 23:00:00,57,2,0.6452,0.6083,0.6468,0.3136,0.99,2026-02-23,ensemble-v1-20260131
2026-02-24,2026-02-24 08:00:00,2026-02-24 18:00:00,2026-02-25 00:00:00,10,1,0.0214,0.0277,0.0226,0.0,0.1231,2026-02-24,ensemble-v1-20260131
2026-02-24,2026-02-24 08:00:00,2026-02-24 19:00:00,2026-02-25 01:00:00,11,1,0.0321,0.035,0.0316,0.0,0.1326,2026-02-24,ensemble-v1-20260131
2026-02-24,2026-02-24 08:00:00,2026-02-24 20:00:00,2026-02-25 02:00:00,12,1,0.0427,0.037,0.0355,0.0,0.1485,2026-02-24,ensemble-v1-20260131
2026-02-24,2026-02-24 08:00:00,2026-02-24 21:00:00,2026-02-25 03:00:00,13,1,0.0598,0.0417,0.0471,0.0,0.1704,2026-02-24,ensemble-v1-20260131
2026-02-24,2026-02-24 08:00:00,2026-02-24 22:00:00,2026-02-25 04:00:00,14,1,0.0547,0.0474,0.0523,0.0,0.1511,2026-02-24,ensemble-v1-20260131
2026-02-24,2026-02-24 08:00:00,2026-02-24 23:00:00,2026-02-25 05:00:00,15,1,0.0396,0.0306,0.0357,0.0,0.1617,2026-02-24,ensemble-v1-20260131
2026-02-24,2026-02-24 08:00:00,2026-02-25 00:00:00,2026-02-25 06:00:00,16,1,0.0401,0.0196,0.036,0.0,0.1962,2026-02-24,ensemble-v1-20260131
2026-02-24,2026-02-24 08:00:00,2026-02-25 01:00:00,2026-02-25 07:00:00,17,1,0.0566,0.0424,0.0409,0.0,0.2461,2026-02-24,ensemble-v1-20260131
2026-02-24,2026-02-24 08:00:00,2026-02-25 02:00:00,2026-02-25 08:00:00,18,1,0.0569,0.0445,0.0559,0.0,0.2737,2026-02-24,ensemble-v1-20260131
2026-02-24,2026-02-24 08:00:00,2026-02-25 03:00:00,2026-02-25 09:00:00,19,1,0.0789,0.0739,0.0929,0.0,0.2998,2026-02-24,ensemble-v1-20260131
2026-02-24,2026-02-24 08:00:00,2026-02-25 04:00:00,2026-02-25 10:00:00,20,1,0.0701,0.0485,0.071,0.0,0.3122,2026-02-24,ensemble-v1-20260131
2026-02-24,2026-02-24 08:00:00,2026-02-25 05:00:00,2026-02-25 11:00:00,21,1,0.0681,0.0607,0.0758,0.0,0.2649,2026-02-24,ensemble-v1-20260131
2026-02-24,2026-02-24 08:00:00,2026-02-25 06:00:00,2026-02-25 12:00:00,22,1,0.1864,0.1974,0.196,0.0678,0.6774,2026-02-24,ensemble-v1-20260131
2026-02-24,2026-02-24 08:00:00,2026-02-25 07:00:00,2026-02-25 13:00:00,23,1,0.1593,0.1795,0.1728,0.0403,0.6765,2026-02-24,ensemble-v1-20260131
2026-02-24,2026-02-24 08:00:00,2026-02-25 08:00:00,2026-02-25 14:00:00,24,1,0.1573,0.1665,0.1679,0.0255,0.6666,2026-02-24,ensemble-v1-20260131
2026-02-24,2026-02-24 08:00:00,2026-02-25 09:00:00,2026-02-25 15:00:00,25,1,0.158,0.1506,0.1608,0.0106,0.6504,2026-02-24,ensemble-v1-20260131
2026-02-24,2026-02-24 08:00:00,2026-02-25 10:00:00,2026-02-25 16:00:00,26,1,0.167,0.1545,0.1567,0.005,0.5422,2026-02-24,ensemble-v1-20260131
2026-02-24,2026-02-24 08:00:00,2026-02-25 11:00:00,2026-02-25 17:00:00,27,1,0.133,0.1208,0.1208,0.0,0.5901,2026-02-24,ensemble-v1-20260131
2026-02-24,2026-02-24 08:00:00,2026-02-25 12:00:00,2026-02-25 18:00:00,28,1,0.1201,0.1081,0.0981,0.0,0.4241,2026-02-24,ensemble-v1-20260131
2026-02-24,2026-02-24 08:00:00,2026-02-25 13:00:00,2026-02-25 19:00:00,29,1,0.1407,0.129,0.1381,0.0,0.5375,2026-02-24,ensemble-v1-20260131
2026-02-24,2026-02-24 08:00:00,2026-02-25 14:00:00,2026-02-25 20:00:00,30,1,0.1222,0.0836,0.1174,0.0,0.4514,2026-02-24,ensemble-v1-20260131
2026-02-24,2026-02-24 08:00:00,2026-02-25 15:00:00,2026-02-25 21:00:00,31,1,0.1445,0.1405,0.1457,0.0,0.6415,2026-02-24,ensemble-v1-20260131
2026-02-24,2026-02-24 08:00:00,2026-02-25 16:00:00,2026-02-25 22:00:00,32,1,0.2759,0.2353,0.2331,0.0625,0.8509,2026-02-24,ensemble-v1-20260131
2026-02-24,2026-02-24 08:00:00,2026-02-25 17:00:00,2026-02-25 23:00:00,33,1,0.5068,0.467,0.4879,0.2017,0.99,2026-02-24,ensemble-v1-20260131
2026-02-24,2026-02-24 08:00:00,2026-02-25 18:00:00,2026-02-26 00:00:00,34,2,0.6352,0.5861,0.6189,0.2696,0.99,2026-02-24,ensemble-v1-20260131
2026-02-24,2026-02-24 08:00:00,2026-02-25 19:00:00,2026-02-26 01:00:00,35,2,0.6662,0.6406,0.6751,0.3733,0.99,2026-02-24,ensemble-v1-20260131
2026-02-24,2026-02-24 08:00:00,2026-02-25 20:00:00,2026-02-26 02:00:00,36,2,0.6634,0.632,0.6678,0.3999,0.99,2026-02-24,ensemble-v1-20260131
2026-02-24,2026-02-24 08:00:00,2026-02-25 21:00:00,2026-02-26 03:00:00,37,2,0.6691,0.6492,0.6701,0.3711,0.99,2026-02-24,ensemble-v1-20260131
2026-02-24,2026-02-24 08:00:00,2026-02-25 22:00:00,2026-02-26 04:00:00,38,2,0.6875,0.6565,0.6542,0.5089,0.99,2026-02-24,ensemble-v1-20260131
2026-02-24,2026-02-24 08:00:00,2026-02-25 23:00:00,2026-02-26 05:00:00,39,2,0.64,0.6048,0.6277,0.3685,0.99,2026-02-24,ensemble-v1-20260131
2026-02-24,2026-02-24 08:00:00,2026-02-26 00:00:00,2026-02-26 06:00:00,40,2,0.5615,0.5522,0.5605,0.2992,0.99,2026-02-24,ensemble-v1-20260131
2026-02-24,2026-02-24 08:00:00,2026-02-26 01:00:00,2026-02-26 07:00:00,41,2,0.6533,0.6212,0.6422,0.2814,0.99,2026-02-24,ensemble-v1-20260131
2026-02-24,2026-02-24 08:00:00,2026-02-26 02:00:00,2026-02-26 08:00:00,42,2,0.5134,0.4845,0.5141,0.19,0.99,2026-02-24,ensemble-v1-20260131
2026-02-24,2026-02-24 08:00:00,2026-02-26 03:00:00,2026-02-26 09:00:00,43,2,0.4887,0.449,0.4918,0.1523,0.9704,2026-02-24,ensemble-v1-20260131
2026-02-24,2026-02-24 08:00:00,2026-02-26 04:00:00,2026-02-26 10:00:00,44,2,0.3287,0.3164,0.2689,0.0701,0.9608,2026-02-24,ensemble-v1-20260131
2026-02-24,2026-02-24 08:00:00,2026-02-26 05:00:00,2026-02-26 11:00:00,45,2,0.3512,0.3667,0.3717,0.0285,0.8634,2026-02-24,ensemble-v1-20260131
2026-02-24,2026-02-24 08:00:00,2026-02-26 06:00:00,2026-02-26 12:00:00,46,2,0.2115,0.2368,0.212,0.0035,0.6704,2026-02-24,ensemble-v1-20260131
2026-02-24,2026-02-24 08:00:00,2026-02-26 07:00:00,2026-02-26 13:00:00,47,2,0.169,0.1706,0.1693,0.0,0.6761,2026-02-24,ensemble-v1-20260131
2026-02-24,2026-02-24 08:00:00,2026-02-26 08:00:00,2026-02-26 14:00:00,48,2,0.1671,0.1745,0.1681,0.0039,0.7062,2026-02-24,ensemble-v1-20260131
2026-02-24,2026-02-24 08:00:00,2026-02-26 09:00:00,2026-02-26 15:00:00,49,2,0.3248,0.3462,0.3342,0.0976,0.853,2026-02-24,ensemble-v1-20260131
2026-02-24,2026-02-24 08:00:00,2026-02-26 10:00:00,2026-02-26 16:00:00,50,2,0.4314,0.4453,0.4393,0.1435,0.9687,2026-02-24,ensemble-v1-20260131
2026-02-24,2026-02-24 08:00:00,2026-02-26 11:00:00,2026-02-26 17:00:00,51,2,0.5132,0.4993,0.4841,0.169,0.9814,2026-02-24,ensemble-v1-20260131
2026-02-24,2026-02-24 08:00:00,2026-02-26 12:00:00,2026-02-26 18:00:00,52,2,0.5474,0.5538,0.5306,0.1875,0.9756,2026-02-24,ensemble-v1-20260131
2026-02-24,2026-02-24 08:00:00,2026-02-26 13:00:00,2026-02-26 19:00:00,53,2,0.6346,0.6095,0.6199,0.3554,0.99,2026-02-24,ensemble-v1-20260131
2026-02-24,2026-02-24 08:00:00,2026-02-26 14:00:00,2026-02-26 20:00:00,54,2,0.7526,0.7314,0.7359,0.5404,0.99,2026-02-24,ensemble-v1-20260131
2026-02-24,2026-02-24 08:00:00,2026-02-26 15:00:00,2026-02-26 21:00:00,55,2,0.8098,0.8323,0.8142,0.6888,0.99,2026-02-24,ensemble-v1-20260131
2026-02-24,2026-02-24 08:00:00,2026-02-26 16:00:00,2026-02-26 22:00:00,56,2,0.8443,0.8498,0.8563,0.7189,0.99,2026-02-24,ensemble-v1-20260131
2026-02-24,2026-02-24 08:00:00,2026-02-26 17:00:00,2026-02-26 23:00:00,57,2,0.8556,0.8459,0.8332,0.5469,0.99,2026-02-24,ensemble-v1-20260131
2026-02-25,2026-02-25 08:00:00,2026-02-25 18:00:00,2026-02-26 00:00:00,10,1,0.671,0.6628,0.6698,0.3586,0.99,2026-02-25,ensemble-v1-20260131
2026-02-25,2026-02-25 08:00:00,2026-02-25 19:00:00,2026-02-26 01:00:00,11,1,0.7752,0.7375,0.7457,0.4484,0.99,2026-02-25,ensemble-v1-20260131
2026-02-25,2026-02-25 08:00:00,2026-02-25 20:00:00,2026-02-26 02:00:00,12,1,0.7721,0.7577,0.7698,0.4976,0.99,2026-02-25,ensemble-v1-20260131
2026-02-25,2026-02-25 08:00:00,2026-02-25 21:00:00,2026-02-26 03:00:00,13,1,0.7465,0.7337,0.7345,0.454,0.99,2026-02-25,ensemble-v1-20260131
2026-02-25,2026-02-25 08:00:00,2026-02-25 22:00:00,2026-02-26 04:00:00,14,1,0.673,0.6823,0.6541,0.4563,0.99,2026-02-25,ensemble-v1-20260131
2026-02-25,2026-02-25 08:00:00,2026-02-25 23:00:00,2026-02-26 05:00:00,15,1,0.6494,0.6537,0.6443,0.3524,0.99,2026-02-25,ensemble-v1-20260131
2026-02-25,2026-02-25 08:00:00,2026-02-26 00:00:00,2026-02-26 06:00:00,16,1,0.6108,0.5922,0.6231,0.3134,0.99,2026-02-25,ensemble-v1-20260131
2026-02-25,2026-02-25 08:00:00,2026-02-26 01:00:00,2026-02-26 07:00:00,17,1,0.4476,0.4272,0.4765,0.2088,0.99,2026-02-25,ensemble-v1-20260131
2026-02-25,2026-02-25 08:00:00,2026-02-26 02:00:00,2026-02-26 08:00:00,18,1,0.4168,0.3922,0.4204,0.1769,0.99,2026-02-25,ensemble-v1-20260131
2026-02-25,2026-02-25 08:00:00,2026-02-26 03:00:00,2026-02-26 09:00:00,19,1,0.2907,0.2658,0.3033,0.0256,0.907,2026-02-25,ensemble-v1-20260131
2026-02-25,2026-02-25 08:00:00,2026-02-26 04:00:00,2026-02-26 10:00:00,20,1,0.1629,0.1328,0.1412,0.0,0.5868,2026-02-25,ensemble-v1-20260131
2026-02-25,2026-02-25 08:00:00,2026-02-26 05:00:00,2026-02-26 11:00:00,21,1,0.278,0.3058,0.2638,0.035,0.9607,2026-02-25,ensemble-v1-20260131
2026-02-25,2026-02-25 08:00:00,2026-02-26 06:00:00,2026-02-26 12:00:00,22,1,0.5784,0.5598,0.5749,0.1785,0.9524,2026-02-25,ensemble-v1-20260131
2026-02-25,2026-02-25 08:00:00,2026-02-26 07:00:00,2026-02-26 13:00:00,23,1,0.2963,0.3003,0.2929,0.0175,0.7178,2026-02-25,ensemble-v1-20260131
2026-02-25,2026-02-25 08:00:00,2026-02-26 08:00:00,2026-02-26 14:00:00,24,1,0.2118,0.235,0.2146,0.0206,0.6557,2026-02-25,ensemble-v1-20260131
2026-02-25,2026-02-25 08:00:00,2026-02-26 09:00:00,2026-02-26 15:00:00,25,1,0.2568,0.2617,0.2788,0.0499,0.7821,2026-02-25,ensemble-v1-20260131
2026-02-25,2026-02-25 08:00:00,2026-02-26 10:00:00,2026-02-26 16:00:00,26,1,0.3033,0.3042,0.3186,0.0673,0.8161,2026-02-25,ensemble-v1-20260131
2026-02-25,2026-02-25 08:00:00,2026-02-26 11:00:00,2026-02-26 17:00:00,27,1,0.3176,0.3038,0.3097,0.0368,0.8143,2026-02-25,ensemble-v1-20260131
2026-02-25,2026-02-25 08:00:00,2026-02-26 12:00:00,2026-02-26 18:00:00,28,1,0.4744,0.4408,0.4324,0.1172,0.9024,2026-02-25,ensemble-v1-20260131
2026-02-25,2026-02-25 08:00:00,2026-02-26 13:00:00,2026-02-26 19:00:00,29,1,0.6081,0.5646,0.5544,0.2118,0.9677,2026-02-25,ensemble-v1-20260131
2026-02-25,2026-02-25 08:00:00,2026-02-26 14:00:00,2026-02-26 20:00:00,30,1,0.5833,0.5705,0.5727,0.2606,0.9683,2026-02-25,ensemble-v1-20260131
2026-02-25,2026-02-25 08:00:00,2026-02-26 15:00:00,2026-02-26 21:00:00,31,1,0.5665,0.5536,0.5345,0.3316,0.982,2026-02-25,ensemble-v1-20260131
2026-02-25,2026-02-25 08:00:00,2026-02-26 16:00:00,2026-02-26 22:00:00,32,1,0.5702,0.5737,0.5539,0.2411,0.99,2026-02-25,ensemble-v1-20260131
2026-02-25,2026-02-25 08:00:00,2026-02-26 17:00:00,2026-02-26 23:00:00,33,1,0.6934,0.6837,0.7029,0.4351,0.99,2026-02-25,ensemble-v1-20260131
2026-02-25,2026-02-25 08:00:00,2026-02-26 18:00:00,2026-02-27 00:00:00,34,2,0.7935,0.7791,0.7973,0.6244,0.9838,2026-02-25,ensemble-v1-20260131
2026-02-25,2026-02-25 08:00:00,2026-02-26 19:00:00,2026-02-27 01:00:00,35,2,0.8063,0.815,0.7981,0.6486,0.99,2026-02-25,ensemble-v1-20260131
2026-02-25,2026-02-25 08:00:00,2026-02-26 20:00:00,2026-02-27 02:00:00,36,2,0.7998,0.8027,0.7899,0.6682,0.9894,2026-02-25,ensemble-v1-20260131
2026-02-25,2026-02-25 08:00:00,2026-02-26 21:00:00,2026-02-27 03:00:00,37,2,0.8153,0.8,0.8051,0.6932,0.9889,2026-02-25,ensemble-v1-20260131
2026-02-25,2026-02-25 08:00:00,2026-02-26 22:00:00,2026-02-27 04:00:00,38,2,0.7794,0.7795,0.764,0.6051,0.9866,2026-02-25,ensemble-v1-20260131
2026-02-25,2026-02-25 08:00:00,2026-02-26 23:00:00,2026-02-27 05:00:00,39,2,0.6766,0.6835,0.6527,0.3633,0.9833,2026-02-25,ensemble-v1-20260131
2026-02-25,2026-02-25 08:00:00,2026-02-27 00:00:00,2026-02-27 06:00:00,40,2,0.6183,0.5887,0.6096,0.3453,0.9805,2026-02-25,ensemble-v1-20260131
2026-02-25,2026-02-25 08:00:00,2026-02-27 01:00:00,2026-02-27 07:00:00,41,2,0.5239,0.5037,0.4989,0.2126,0.9366,2026-02-25,ensemble-v1-20260131
2026-02-25,2026-02-25 08:00:00,2026-02-27 02:00:00,2026-02-27 08:00:00,42,2,0.4756,0.4327,0.4314,0.1136,0.9047,2026-02-25,ensemble-v1-20260131
2026-02-25,2026-02-25 08:00:00,2026-02-27 03:00:00,2026-02-27 09:00:00,43,2,0.3775,0.3573,0.3395,0.0344,0.8426,2026-02-25,ensemble-v1-20260131
2026-02-25,2026-02-25 08:00:00,2026-02-27 04:00:00,2026-02-27 10:00:00,44,2,0.2428,0.2539,0.2161,0.025,0.7754,2026-02-25,ensemble-v1-20260131
2026-02-25,2026-02-25 08:00:00,2026-02-27 05:00:00,2026-02-27 11:00:00,45,2,0.1949,0.1938,0.1863,0.0069,0.6285,2026-02-25,ensemble-v1-20260131
2026-02-25,2026-02-25 08:00:00,2026-02-27 06:00:00,2026-02-27 12:00:00,46,2,0.2826,0.3115,0.2916,0.0783,0.9043,2026-02-25,ensemble-v1-20260131
2026-02-25,2026-02-25 08:00:00,2026-02-27 07:00:00,2026-02-27 13:00:00,47,2,0.2836,0.3427,0.3335,0.0973,0.9135,2026-02-25,ensemble-v1-20260131
2026-02-25,2026-02-25 08:00:00,2026-02-27 08:00:00,2026-02-27 14:00:00,48,2,0.3954,0.403,0.4144,0.1329,0.944,2026-02-25,ensemble-v1-20260131
2026-02-25,2026-02-25 08:00:00,2026-02-27 09:00:00,2026-02-27 15:00:00,49,2,0.5082,0.5203,0.4968,0.2456,0.9714,2026-02-25,ensemble-v1-20260131
2026-02-25,2026-02-25 08:00:00,2026-02-27 10:00:00,2026-02-27 16:00:00,50,2,0.5106,0.5364,0.4998,0.2479,0.9443,2026-02-25,ensemble-v1-20260131
2026-02-25,2026-02-25 08:00:00,2026-02-27 11:00:00,2026-02-27 17:00:00,51,2,0.57,0.5904,0.5498,0.3907,0.9475,2026-02-25,ensemble-v1-20260131
2026-02-25,2026-02-25 08:00:00,2026-02-27 12:00:00,2026-02-27 18:00:00,52,2,0.6422,0.6365,0.6243,0.4404,0.9505,2026-02-25,ensemble-v1-20260131
2026-02-25,2026-02-25 08:00:00,2026-02-27 13:00:00,2026-02-27 19:00:00,53,2,0.6508,0.6312,0.6052,0.446,0.9662,2026-02-25,ensemble-v1-20260131
2026-02-25,2026-02-25 08:00:00,2026-02-27 14:00:00,2026-02-27 20:00:00,54,2,0.641,0.6303,0.6064,0.4248,0.9809,2026-02-25,ensemble-v1-20260131
2026-02-25,2026-02-25 08:00:00,2026-02-27 15:00:00,2026-02-27 21:00:00,55,2,0.6008,0.6099,0.5975,0.416,0.9829,2026-02-25,ensemble-v1-20260131
2026-02-25,2026-02-25 08:00:00,2026-02-27 16:00:00,2026-02-27 22:00:00,56,2,0.5448,0.5505,0.5365,0.3734,0.9612,2026-02-25,ensemble-v1-20260131
2026-02-25,2026-02-25 08:00:00,2026-02-27 17:00:00,2026-02-27 23:00:00,57,2,0.5592,0.5415,0.5285,0.3532,0.942,2026-02-25,ensemble-v1-20260131
2026-02-26,2026-02-26 08:00:00,2026-02-26 18:00:00,2026-02-27 00:00:00,10,1,0.6386,0.6212,0.6055,0.3114,0.9291,2026-02-26,ensemble-v1-20260131
2026-02-26,2026-02-26 08:00:00,2026-02-26 19:00:00,2026-02-27 01:00:00,11,1,0.4787,0.4992,0.4691,0.2195,0.9374,2026-02-26,ensemble-v1-20260131
2026-02-26,2026-02-26 08:00:00,2026-02-26 20:00:00,2026-02-27 02:00:00,12,1,0.4407,0.4579,0.4439,0.2277,0.943,2026-02-26,ensemble-v1-20260131
2026-02-26,2026-02-26 08:00:00,2026-02-26 21:00:00,2026-02-27 03:00:00,13,1,0.4591,0.4543,0.4502,0.1923,0.9546,2026-02-26,ensemble-v1-20260131
2026-02-26,2026-02-26 08:00:00,2026-02-26 22:00:00,2026-02-27 04:00:00,14,1,0.439,0.4494,0.4231,0.1795,0.9117,2026-02-26,ensemble-v1-20260131
2026-02-26,2026-02-26 08:00:00,2026-02-26 23:00:00,2026-02-27 05:00:00,15,1,0.3894,0.3903,0.3634,0.1178,0.8304,2026-02-26,ensemble-v1-20260131
2026-02-26,2026-02-26 08:00:00,2026-02-27 00:00:00,2026-02-27 06:00:00,16,1,0.2932,0.3268,0.2952,0.0507,0.7563,2026-02-26,ensemble-v1-20260131
2026-02-26,2026-02-26 08:00:00,2026-02-27 01:00:00,2026-02-27 07:00:00,17,1,0.2781,0.2836,0.2509,0.04,0.7413,2026-02-26,ensemble-v1-20260131
2026-02-26,2026-02-26 08:00:00,2026-02-27 02:00:00,2026-02-27 08:00:00,18,1,0.2376,0.2535,0.2328,0.0374,0.6521,2026-02-26,ensemble-v1-20260131
2026-02-26,2026-02-26 08:00:00,2026-02-27 03:00:00,2026-02-27 09:00:00,19,1,0.1935,0.2118,0.2056,0.0137,0.6321,2026-02-26,ensemble-v1-20260131
2026-02-26,2026-02-26 08:00:00,2026-02-27 04:00:00,2026-02-27 10:00:00,20,1,0.1751,0.203,0.1988,0.0045,0.6251,2026-02-26,ensemble-v1-20260131
2026-02-26,2026-02-26 08:00:00,2026-02-27 05:00:00,2026-02-27 11:00:00,21,1,0.1834,0.2052,0.1951,0.0028,0.5737,2026-02-26,ensemble-v1-20260131
2026-02-26,2026-02-26 08:00:00,2026-02-27 06:00:00,2026-02-27 12:00:00,22,1,0.1756,0.1906,0.1838,0.0103,0.5609,2026-02-26,ensemble-v1-20260131
2026-02-26,2026-02-26 08:00:00,2026-02-27 07:00:00,2026-02-27 13:00:00,23,1,0.2343,0.2512,0.2408,0.0326,0.7176,2026-02-26,ensemble-v1-20260131
2026-02-26,2026-02-26 08:00:00,2026-02-27 08:00:00,2026-02-27 14:00:00,24,1,0.2891,0.3044,0.3006,0.0665,0.8331,2026-02-26,ensemble-v1-20260131
2026-02-26,2026-02-26 08:00:00,2026-02-27 09:00:00,2026-02-27 15:00:00,25,1,0.3838,0.3861,0.3979,0.1609,0.9132,2026-02-26,ensemble-v1-20260131
2026-02-26,2026-02-26 08:00:00,2026-02-27 10:00:00,2026-02-27 16:00:00,26,1,0.4845,0.5059,0.4918,0.2183,0.9574,2026-02-26,ensemble-v1-20260131
2026-02-26,2026-02-26 08:00:00,2026-02-27 11:00:00,2026-02-27 17:00:00,27,1,0.5722,0.5678,0.5514,0.3068,0.9598,2026-02-26,ensemble-v1-20260131
2026-02-26,2026-02-26 08:00:00,2026-02-27 12:00:00,2026-02-27 18:00:00,28,1,0.5818,0.5826,0.5832,0.3282,0.9307,2026-02-26,ensemble-v1-20260131
2026-02-26,2026-02-26 08:00:00,2026-02-27 13:00:00,2026-02-27 19:00:00,29,1,0.6165,0.6095,0.5872,0.3519,0.9297,2026-02-26,ensemble-v1-20260131
2026-02-26,2026-02-26 08:00:00,2026-02-27 14:00:00,2026-02-27 20:00:00,30,1,0.5633,0.5561,0.5468,0.3056,0.9336,2026-02-26,ensemble-v1-20260131
2026-02-26,2026-02-26 08:00:00,2026-02-27 15:00:00,2026-02-27 21:00:00,31,1,0.5675,0.5613,0.5568,0.2784,0.9373,2026-02-26,ensemble-v1-20260131
2026-02-26,2026-02-26 08:00:00,2026-02-27 16:00:00,2026-02-27 22:00:00,32,1,0.5042,0.5058,0.4944,0.2426,0.9046,2026-02-26,ensemble-v1-20260131
2026-02-26,2026-02-26 08:00:00,2026-02-27 17:00:00,2026-02-27 23:00:00,33,1,0.5083,0.4807,0.4691,0.2097,0.915,2026-02-26,ensemble-v1-20260131
2026-02-26,2026-02-26 08:00:00,2026-02-27 18:00:00,2026-02-28 00:00:00,34,2,0.5496,0.5394,0.5325,0.2623,0.9224,2026-02-26,ensemble-v1-20260131
2026-02-26,2026-02-26 08:00:00,2026-02-27 19:00:00,2026-02-28 01:00:00,35,2,0.4562,0.4656,0.4634,0.2134,0.9011,2026-02-26,ensemble-v1-20260131
2026-02-26,2026-02-26 08:00:00,2026-02-27 20:00:00,2026-02-28 02:00:00,36,2,0.4902,0.4537,0.458,0.2125,0.9084,2026-02-26,ensemble-v1-20260131
2026-02-26,2026-02-26 08:00:00,2026-02-27 21:00:00,2026-02-28 03:00:00,37,2,0.5506,0.494,0.5046,0.2596,0.9107,2026-02-26,ensemble-v1-20260131
2026-02-26,2026-02-26 08:00:00,2026-02-27 22:00:00,2026-02-28 04:00:00,38,2,0.5608,0.5368,0.5249,0.2639,0.9143,2026-02-26,ensemble-v1-20260131
2026-02-26,2026-02-26 08:00:00,2026-02-27 23:00:00,2026-02-28 05:00:00,39,2,0.5867,0.5585,0.5516,0.2814,0.9254,2026-02-26,ensemble-v1-20260131
2026-02-26,2026-02-26 08:00:00,2026-02-28 00:00:00,2026-02-28 06:00:00,40,2,0.5884,0.5855,0.5715,0.2936,0.9329,2026-02-26,ensemble-v1-20260131
2026-02-26,2026-02-26 08:00:00,2026-02-28 01:00:00,2026-02-28 07:00:00,41,2,0.6027,0.5793,0.5684,0.293,0.9326,2026-02-26,ensemble-v1-20260131
2026-02-26,2026-02-26 08:00:00,2026-02-28 02:00:00,2026-02-28 08:00:00,42,2,0.613,0.6166,0.5925,0.3378,0.928,2026-02-26,ensemble-v1-20260131
2026-02-26,2026-02-26 08:00:00,2026-02-28 03:00:00,2026-02-28 09:00:00,43,2,0.6037,0.5983,0.5869,0.2927,0.9493,2026-02-26,ensemble-v1-20260131
2026-02-26,2026-02-26 08:00:00,2026-02-28 04:00:00,2026-02-28 10:00:00,44,2,0.5896,0.5847,0.5917,0.2914,0.9518,2026-02-26,ensemble-v1-20260131
2026-02-26,2026-02-26 08:00:00,2026-02-28 05:00:00,2026-02-28 11:00:00,45,2,0.5721,0.5799,0.5744,0.2827,0.9404,2026-02-26,ensemble-v1-20260131
2026-02-26,2026-02-26 08:00:00,2026-02-28 06:00:00,2026-02-28 12:00:00,46,2,0.5572,0.5702,0.5622,0.2871,0.9336,2026-02-26,ensemble-v1-20260131
2026-02-26,2026-02-26 08:00:00,2026-02-28 07:00:00,2026-02-28 13:00:00,47,2,0.5697,0.5891,0.5814,0.3084,0.9309,2026-02-26,ensemble-v1-20260131
2026-02-26,2026-02-26 08:00:00,2026-02-28 08:00:00,2026-02-28 14:00:00,48,2,0.5753,0.5897,0.5717,0.2761,0.9301,2026-02-26,ensemble-v1-20260131
2026-02-26,2026-02-26 08:00:00,2026-02-28 09:00:00,2026-02-28 15:00:00,49,2,0.5654,0.5913,0.5539,0.2745,0.9261,2026-02-26,ensemble-v1-20260131
2026-02-26,2026-02-26 08:00:00,2026-02-28 10:00:00,2026-02-28 16:00:00,50,2,0.5392,0.5424,0.5237,0.268,0.9291,2026-02-26,ensemble-v1-20260131
2026-02-26,2026-02-26 08:00:00,2026-02-28 11:00:00,2026-02-28 17:00:00,51,2,0.5161,0.5216,0.5059,0.2298,0.9301,2026-02-26,ensemble-v1-20260131
2026-02-26,2026-02-26 08:00:00,2026-02-28 12:00:00,2026-02-28 18:00:00,52,2,0.4848,0.4822,0.4954,0.1622,0.9139,2026-02-26,ensemble-v1-20260131
2026-02-26,2026-02-26 08:00:00,2026-02-28 13:00:00,2026-02-28 19:00:00,53,2,0.4563,0.4709,0.4635,0.1394,0.8941,2026-02-26,ensemble-v1-20260131
2026-02-26,2026-02-26 08:00:00,2026-02-28 14:00:00,2026-02-28 20:00:00,54,2,0.3867,0.4017,0.3808,0.0695,0.9054,2026-02-26,ensemble-v1-20260131
2026-02-26,2026-02-26 08:00:00,2026-02-28 15:00:00,2026-02-28 21:00:00,55,2,0.3201,0.3311,0.3336,0.0401,0.8515,2026-02-26,ensemble-v1-20260131
2026-02-26,2026-02-26 08:00:00,2026-02-28 16:00:00,2026-02-28 22:00:00,56,2,0.2853,0.3031,0.2629,0.014,0.7705,2026-02-26,ensemble-v1-20260131
2026-02-26,2026-02-26 08:00:00,2026-02-28 17:00:00,2026-02-28 23:00:00,57,2,0.2627,0.2734,0.2548,0.0119,0.7768,2026-02-26,ensemble-v1-20260131
2026-02-27,2026-02-27 08:00:00,2026-02-27 18:00:00,2026-02-28 00:00:00,10,1,0.5965,0.5673,0.5855,0.3167,0.9292,2026-02-27,ensemble-v1-20260131
2026-02-27,2026-02-27 08:00:00,2026-02-27 19:00:00,2026-02-28 01:00:00,11,1,0.522,0.4851,0.4989,0.2454,0.911,2026-02-27,ensemble-v1-20260131
2026-02-27,2026-02-27 08:00:00,2026-02-27 20:00:00,2026-02-28 02:00:00,12,1,0.5875,0.5522,0.5501,0.2804,0.9226,2026-02-27,ensemble-v1-20260131
2026-02-27,2026-02-27 08:00:00,2026-02-27 21:00:00,2026-02-28 03:00:00,13,1,0.6404,0.6217,0.614,0.3449,0.9288,2026-02-27,ensemble-v1-20260131
2026-02-27,2026-02-27 08:00:00,2026-02-27 22:00:00,2026-02-28 04:00:00,14,1,0.6198,0.5978,0.5923,0.3501,0.9419,2026-02-27,ensemble-v1-20260131
2026-02-27,2026-02-27 08:00:00,2026-02-27 23:00:00,2026-02-28 05:00:00,15,1,0.6164,0.5913,0.5949,0.3309,0.9517,2026-02-27,ensemble-v1-20260131
2026-02-27,2026-02-27 08:00:00,2026-02-28 00:00:00,2026-02-28 06:00:00,16,1,0.619,0.6009,0.5803,0.3495,0.9536,2026-02-27,ensemble-v1-20260131
2026-02-27,2026-02-27 08:00:00,2026-02-28 01:00:00,2026-02-28 07:00:00,17,1,0.5922,0.5872,0.5752,0.3519,0.958,2026-02-27,ensemble-v1-20260131
2026-02-27,2026-02-27 08:00:00,2026-02-28 02:00:00,2026-02-28 08:00:00,18,1,0.614,0.5968,0.5842,0.346,0.9693,2026-02-27,ensemble-v1-20260131
2026-02-27,2026-02-27 08:00:00,2026-02-28 03:00:00,2026-02-28 09:00:00,19,1,0.6573,0.6257,0.6201,0.4887,0.9714,2026-02-27,ensemble-v1-20260131
2026-02-27,2026-02-27 08:00:00,2026-02-28 04:00:00,2026-02-28 10:00:00,20,1,0.6737,0.6322,0.6296,0.479,0.9782,2026-02-27,ensemble-v1-20260131
2026-02-27,2026-02-27 08:00:00,2026-02-28 05:00:00,2026-02-28 11:00:00,21,1,0.6645,0.6278,0.645,0.4994,0.9836,2026-02-27,ensemble-v1-20260131
2026-02-27,2026-02-27 08:00:00,2026-02-28 06:00:00,2026-02-28 12:00:00,22,1,0.6348,0.6132,0.6333,0.4157,0.9641,2026-02-27,ensemble-v1-20260131
2026-02-27,2026-02-27 08:00:00,2026-02-28 07:00:00,2026-02-28 13:00:00,23,1,0.6092,0.5915,0.6186,0.4,0.9655,2026-02-27,ensemble-v1-20260131
2026-02-27,2026-02-27 08:00:00,2026-02-28 08:00:00,2026-02-28 14:00:00,24,1,0.6106,0.606,0.6087,0.3911,0.9675,2026-02-27,ensemble-v1-20260131
2026-02-27,2026-02-27 08:00:00,2026-02-28 09:00:00,2026-02-28 15:00:00,25,1,0.5878,0.6004,0.5949,0.3681,0.9657,2026-02-27,ensemble-v1-20260131
2026-02-27,2026-02-27 08:00:00,2026-02-28 10:00:00,2026-02-28 16:00:00,26,1,0.5651,0.5601,0.553,0.3288,0.9506,2026-02-27,ensemble-v1-20260131
2026-02-27,2026-02-27 08:00:00,2026-02-28 11:00:00,2026-02-28 17:00:00,27,1,0.498,0.4743,0.4722,0.2407,0.9374,2026-02-27,ensemble-v1-20260131
2026-02-27,2026-02-27 08:00:00,2026-02-28 12:00:00,2026-02-28 18:00:00,28,1,0.4574,0.4536,0.4466,0.2123,0.9149,2026-02-27,ensemble-v1-20260131
2026-02-27,2026-02-27 08:00:00,2026-02-28 13:00:00,2026-02-28 19:00:00,29,1,0.4442,0.4137,0.4247,0.1319,0.9,2026-02-27,ensemble-v1-20260131
2026-02-27,2026-02-27 08:00:00,2026-02-28 14:00:00,2026-02-28 20:00:00,30,1,0.3415,0.3299,0.357,0.092,0.7963,2026-02-27,ensemble-v1-20260131
2026-02-27,2026-02-27 08:00:00,2026-02-28 15:00:00,2026-02-28 21:00:00,31,1,0.2344,0.2264,0.2428,0.0218,0.7029,2026-02-27,ensemble-v1-20260131
2026-02-27,2026-02-27 08:00:00,2026-02-28 16:00:00,2026-02-28 22:00:00,32,1,0.216,0.198,0.2246,0.0139,0.6254,2026-02-27,ensemble-v1-20260131
2026-02-27,2026-02-27 08:00:00,2026-02-28 17:00:00,2026-02-28 23:00:00,33,1,0.1547,0.1395,0.1371,0.0,0.4889,2026-02-27,ensemble-v1-20260131
2026-02-27,2026-02-27 08:00:00,2026-02-28 18:00:00,2026-03-01 00:00:00,34,2,0.113,0.1242,0.0939,0.0,0.3959,2026-02-27,ensemble-v1-20260131
2026-02-27,2026-02-27 08:00:00,2026-02-28 19:00:00,2026-03-01 01:00:00,35,2,0.0566,0.0804,0.0493,0.0,0.2354,2026-02-27,ensemble-v1-20260131
2026-02-27,2026-02-27 08:00:00,2026-02-28 20:00:00,2026-03-01 02:00:00,36,2,0.0522,0.061,0.0377,0.0,0.2201,2026-02-27,ensemble-v1-20260131
2026-02-27,2026-02-27 08:00:00,2026-02-28 21:00:00,2026-03-01 03:00:00,37,2,0.0502,0.0563,0.0322,0.0,0.2309,2026-02-27,ensemble-v1-20260131
2026-02-27,2026-02-27 08:00:00,2026-02-28 22:00:00,2026-03-01 04:00:00,38,2,0.0373,0.0537,0.0284,0.0,0.2417,2026-02-27,ensemble-v1-20260131
2026-02-27,2026-02-27 08:00:00,2026-02-28 23:00:00,2026-03-01 05:00:00,39,2,0.0503,0.0434,0.034,0.0,0.2537,2026-02-27,ensemble-v1-20260131
2026-02-27,2026-02-27 08:00:00,2026-03-01 00:00:00,2026-03-01 06:00:00,40,2,0.0527,0.055,0.0303,0.0,0.2866,2026-02-27,ensemble-v1-20260131
2026-02-27,2026-02-27 08:00:00,2026-03-01 01:00:00,2026-03-01 07:00:00,41,2,0.0449,0.0531,0.0301,0.0,0.2625,2026-02-27,ensemble-v1-20260131
2026-02-27,2026-02-27 08:00:00,2026-03-01 02:00:00,2026-03-01 08:00:00,42,2,0.0401,0.0545,0.0292,0.0,0.2548,2026-02-27,ensemble-v1-20260131
2026-02-27,2026-02-27 08:00:00,2026-03-01 03:00:00,2026-03-01 09:00:00,43,2,0.0315,0.0414,0.0207,0.0,0.2476,2026-02-27,ensemble-v1-20260131
2026-02-27,2026-02-27 08:00:00,2026-03-01 04:00:00,2026-03-01 10:00:00,44,2,0.0284,0.0331,0.0194,0.0,0.2523,2026-02-27,ensemble-v1-20260131
2026-02-27,2026-02-27 08:00:00,2026-03-01 05:00:00,2026-03-01 11:00:00,45,2,0.0258,0.0331,0.0242,0.0,0.2189,2026-02-27,ensemble-v1-20260131
2026-02-27,2026-02-27 08:00:00,2026-03-01 06:00:00,2026-03-01 12:00:00,46,2,0.0838,0.0849,0.0797,0.0,0.4837,2026-02-27,ensemble-v1-20260131
2026-02-27,2026-02-27 08:00:00,2026-03-01 07:00:00,2026-03-01 13:00:00,47,2,0.0736,0.0889,0.0657,0.0,0.4701,2026-02-27,ensemble-v1-20260131
2026-02-27,2026-02-27 08:00:00,2026-03-01 08:00:00,2026-03-01 14:00:00,48,2,0.0842,0.0892,0.0656,0.0,0.4682,2026-02-27,ensemble-v1-20260131
2026-02-27,2026-02-27 08:00:00,2026-03-01 09:00:00,2026-03-01 15:00:00,49,2,0.0755,0.0917,0.0493,0.0,0.3488,2026-02-27,ensemble-v1-20260131
2026-02-27,2026-02-27 08:00:00,2026-03-01 10:00:00,2026-03-01 16:00:00,50,2,0.0731,0.0929,0.0614,0.0,0.3578,2026-02-27,ensemble-v1-20260131
2026-02-27,2026-02-27 08:00:00,2026-03-01 11:00:00,2026-03-01 17:00:00,51,2,0.074,0.0783,0.0652,0.0,0.3048,2026-02-27,ensemble-v1-20260131
2026-02-27,2026-02-27 08:00:00,2026-03-01 12:00:00,2026-03-01 18:00:00,52,2,0.0442,0.0551,0.0404,0.0,0.2753,2026-02-27,ensemble-v1-20260131
2026-02-27,2026-02-27 08:00:00,2026-03-01 13:00:00,2026-03-01 19:00:00,53,2,0.0519,0.0621,0.0445,0.0,0.3458,2026-02-27,ensemble-v1-20260131
2026-02-27,2026-02-27 08:00:00,2026-03-01 14:00:00,2026-03-01 20:00:00,54,2,0.0637,0.0907,0.0734,0.0,0.4171,2026-02-27,ensemble-v1-20260131
2026-02-27,2026-02-27 08:00:00,2026-03-01 15:00:00,2026-03-01 21:00:00,55,2,0.1279,0.1308,0.118,0.0,0.5685,2026-02-27,ensemble-v1-20260131
2026-02-27,2026-02-27 08:00:00,2026-03-01 16:00:00,2026-03-01 22:00:00,56,2,0.2218,0.2309,0.2037,0.0072,0.6786,2026-02-27,ensemble-v1-20260131
2026-02-27,2026-02-27 08:00:00,2026-03-01 17:00:00,2026-03-01 23:00:00,57,2,0.3078,0.2726,0.2753,0.0103,0.5414,2026-02-27,ensemble-v1-20260131
